id,domain,status,purchase_price,renewal_price,attractiveness,demand,length,registrar,created_at,expires_at,status_verified_at
90b26845-eaf2-4682-b9d8-568edbb39d17,uprising.exchange,available,12,,medium,low,8,unstoppable,,,29/09/2026 01:22
8993c331-c32a-4108-93c6-4733daf40479,pastoral.exchange,available,5.98,49.98,high,low,8,namecheap,,,06/08/2026 14:20
340791a2-8399-480e-b108-4772725d7f35,untraveled.exchange,available,5.98,49.98,medium,low,10,namecheap,,,12/09/2026 21:42
974cba9b-f0fe-41cc-8fea-5e97369bbdae,mccall.exchange,available,5.38,31.25,medium,low,6,spaceship,,,27/09/2026 21:08
e7a97948-ee34-41ab-b546-82832effb42c,inner.exchange,available,5.98,49.98,high,low,5,namecheap,,,22/08/2026 05:54
33b70c68-a366-4403-9ee6-5d4bf8a0ce7a,airborne.exchange,available,12.99,38.99,high,low,8,namesilo,,,27/09/2026 06:59
14f1b6fc-50c2-4262-84ee-cac421c824b7,pointed.exchange,available,5.98,49.98,high,low,7,namecheap,,,08/09/2026 22:36
9e0991bc-1827-44d7-8bd8-a36c33a8275d,trainee.exchange,available,5.38,31.25,high,low,7,spaceship,,,29/09/2026 20:32
c7d4f226-4899-4906-9241-564cdb4663a0,snatcher.exchange,available,5.98,49.98,medium,low,8,namecheap,,,16/09/2026 14:55
0735d647-1003-411f-9bf5-cb5942c37f9f,unlisted.exchange,available,5.98,49.98,high,low,8,namecheap,,,12/09/2026 14:55
a2ae7817-ea30-4da5-9fd2-6fd8709e2c61,popish.exchange,available,5.98,49.98,medium,low,6,namecheap,,,05/09/2026 01:32
52498eae-3ba2-4455-a3fe-ea4328b13242,lister.exchange,available,5.98,49.98,medium,low,6,namecheap,,,22/09/2026 07:14
6cfab9f0-2a03-400c-b6ad-e9e5a55f8a3d,uprightly.exchange,available,5.98,49.98,medium,low,9,namecheap,,,15/09/2026 01:06
52160083-81ed-4729-a878-fe23610ae03e,rimy.exchange,available,5.98,49.98,medium,low,4,namecheap,,,09/09/2026 17:41
dac88e84-5489-4a36-83fa-6468f04030dd,stored.exchange,available,5.98,49.98,medium,low,6,namecheap,,,28/09/2026 17:31
681dfc2c-c6c8-4ba5-a79f-6c012672def3,easily.exchange,premium,128.7,128.7,high,low,6,namecheap,,,24/09/2026 13:14
07f11bfe-c227-4c67-9b0d-b156a7c7b758,variation.exchange,available,5.98,49.98,high,low,9,namecheap,,,03/09/2026 11:43
5f2754c0-6086-442f-893d-a2719b6a5bcd,yeats.exchange,available,12.99,38.99,medium,low,5,namesilo,,,28/09/2026 15:32
4719f877-d34d-4f99-b5a8-150de9a63370,intends.exchange,available,12.99,38.99,medium,low,7,namesilo,,,29/09/2026 11:20
ac0f643b-ca1d-4204-b785-0603bc8c006c,recusant.exchange,available,5.98,49.98,medium,low,8,namecheap,,,14/08/2026 12:28
2ce0ef16-cca5-4c65-ad76-a82f6ce95910,forced.exchange,available,10.99,50.99,high,low,6,name.com,,,23/09/2026 21:10
cb9345b5-3eeb-4ccc-9d50-7390e880ee06,smoky.exchange,available,5.98,49.98,medium,low,5,namecheap,,,10/09/2026 11:59
9fc05ffe-d723-4d86-939f-85a997f6788e,aidan.exchange,available,30.2,30.2,high,low,5,cloudflare,,,29/09/2026 15:22
e7590349-012d-4c53-b4ef-7fd15cf3128a,aluminate.exchange,available,5.98,49.98,medium,low,9,namecheap,,,18/09/2026 15:13
e01471ce-134b-4ef7-8096-704f5cdd2a89,trilateral.exchange,available,5.98,49.98,medium,low,10,namecheap,,,11/09/2026 14:28
c33c4172-d76c-44bd-ba79-bedd1991e49f,asala.exchange,available,5.98,49.98,medium,low,5,namecheap,,,16/09/2026 12:33
8417d459-a1a8-4976-9be3-f49a9b4e12dc,settling.exchange,available,6.1,32.21,medium,low,8,dynadot,,,28/09/2026 20:24
0be9e8cc-f008-4589-8062-01a59624d958,circus.exchange,available,12,,high,low,6,unstoppable,,,29/09/2026 09:23
b816141a-e1c0-43d7-936b-46dafbc02fd9,dickie.exchange,available,5.98,49.98,medium,low,6,namecheap,,,14/08/2026 06:30
7d3776ea-4e6b-4a6e-aef8-ba749e96ac4c,deft.exchange,available,5.98,49.98,high,low,4,namecheap,,,13/08/2026 23:50
5140c598-a439-4d56-8533-e972bca6f8a1,profitably.exchange,available,5.98,49.98,high,low,10,namecheap,,,14/09/2026 20:29
5d02e3f0-daf7-4d86-aaa0-1a16dfe9548f,riggs.exchange,available,6.1,32.21,medium,low,5,dynadot,,,28/09/2026 08:07
6c562cd7-dbda-4d38-bbc7-90e527fac99d,letup.exchange,available,10.99,,medium,low,6,name.com,,,
3daa1d1c-3c20-4ab1-93e2-5c9181991040,mess.exchange,available,5.98,49.98,high,low,4,namecheap,,,25/08/2026 00:30
e4fab04f-8600-4cfa-9cc9-b0eada092fe2,blueberries.exchange,available,12.99,38.99,high,low,11,namesilo,,,17/09/2026 17:28
b4120fec-4187-4ad1-9d24-5f5ef2f9cb67,backspacer.exchange,available,12.99,38.99,medium,low,10,namesilo,,,21/09/2026 16:02
a61c938f-f0d6-4509-999b-8b7fb3174615,voluntary.exchange,available,5.98,49.98,high,low,9,namecheap,,,13/09/2026 07:07
202ebf18-d2d7-4f35-9a23-95ea83c2773c,biggin.exchange,available,12.99,38.99,medium,low,6,namesilo,,,23/09/2026 15:08
fa71251f-980a-43dc-b815-920babdacb97,jolly.exchange,available,12.99,38.99,high,low,5,namesilo,,,25/09/2026 11:52
ea50b141-d9a4-4ff1-ac62-8a81c09dd576,asparagine.exchange,available,12.99,38.99,medium,low,10,namesilo,,,20/09/2026 14:39
4efdbda9-5df7-41d5-9212-0ee70c2dc728,foolproof.exchange,available,5.98,49.98,high,low,9,namecheap,,,18/08/2026 10:37
27f6826d-b5b6-4576-b871-6a2680394bcc,abiders.exchange,available,12.99,38.99,medium,low,7,namesilo,,,18/09/2026 03:55
71f7188a-f4df-474d-b13f-708efd7ef187,unmeasured.exchange,available,5.98,49.98,medium,low,10,namecheap,,,21/08/2026 20:53
17178ee6-d963-4981-92c2-4c8399adc90a,pound.exchange,resell,,,medium,low,5,"GoDaddy.com, LLC",16/07/2015 06:39,16/07/2027 06:39,29/09/2026 04:26
f50cd3f8-d250-45b3-ab86-46e919bc9f7a,jfk.exchange,premium,34.36,34.36,high,low,3,spaceship,,,29/09/2026 13:11
f4126d4b-1c6d-4dcc-9b16-8b3e9aa60722,gibson.exchange,available,12.99,38.99,high,low,6,namesilo,,,18/09/2026 14:55
f6e596a4-7c64-4c40-8aad-b58f7284655b,lodging.exchange,available,5.38,31.25,high,low,7,spaceship,,,30/09/2026 01:55
8bafe862-a84d-4590-894d-08b57a0ea127,persisting.exchange,available,5.98,49.98,high,low,10,namecheap,,,14/08/2026 15:05
2f3d7d0b-35ed-4034-9e21-a74095f311e1,stationary.exchange,available,5.98,49.98,high,low,10,namecheap,,,10/09/2026 19:12
1e127d54-6856-4ed3-94be-0fd6b6719e06,nontaxable.exchange,available,5.98,49.98,medium,low,10,namecheap,,,03/09/2026 20:54
3fe4734c-8b24-41b6-b0c7-22da51ef74f7,texting.exchange,available,5.98,49.98,high,low,7,namecheap,,,17/09/2026 10:22
31ecf780-4737-4723-989c-47d67d3a475e,lupine.exchange,available,5.98,49.98,high,low,6,namecheap,,,24/08/2026 11:39
972e8abb-2366-4512-bedf-4b3824992a2e,ameboid.exchange,available,5.98,49.98,medium,low,7,namecheap,,,
6edcd848-1648-4d57-ab81-df8dbf4b7bbb,crepuscule.exchange,available,5.98,49.98,medium,low,10,namecheap,,,11/09/2026 21:48
61f38c9f-1bb7-416b-a788-7e9be4f9d1c7,ambassador.exchange,available,12.99,38.99,high,low,10,namesilo,,,18/09/2026 16:26
a99a76fe-1142-4d89-984e-57999bd04c1f,dusty.exchange,available,5.98,49.98,high,low,5,namecheap,,,14/08/2026 21:35
b3ae83ae-1bcb-47f7-a2e8-89753599eaf0,ataraxia.exchange,available,5.98,49.98,high,low,8,namecheap,,,20/09/2026 19:35
5d54bbe5-85f2-4073-8f1e-9a5be69c93bc,hovers.exchange,available,12.99,38.99,medium,low,6,namesilo,,,21/09/2026 10:26
6602a0da-bdff-4ddc-a217-883ba161680b,humiliated.exchange,available,5.98,49.98,medium,low,10,namecheap,,,21/08/2026 15:03
13fbd515-9706-4df8-8de6-558ee6eb2f33,defensive.exchange,available,5.98,49.98,high,low,9,namecheap,,,13/08/2026 23:15
3003f0b8-3ab2-4878-b3f6-1a89d873627b,waist.exchange,available,12.99,38.99,high,low,5,namesilo,,,28/09/2026 06:51
ebe2d223-91d4-4ac8-8f94-92b0c584aaf5,advocator.exchange,available,12.99,38.99,medium,low,9,namesilo,,,17/09/2026 11:45
1fd8cf8f-9f0a-4ebb-9ad9-66ca9e62964d,impartial.exchange,available,5.98,49.98,high,low,9,namecheap,,,21/08/2026 21:45
74e79409-23c0-490b-bb42-b22f62a91a70,bombast.exchange,available,12.99,38.99,medium,low,7,namesilo,,,24/09/2026 03:35
f7c51ee0-7c01-4927-9f40-8b41dd5b0e89,nonesuch.exchange,available,5.98,49.98,medium,low,8,namecheap,,,03/09/2026 20:13
fdff59de-9e7b-4967-827e-30acdc7a0dbc,marche.exchange,available,5.98,49.98,high,low,6,namecheap,,,29/09/2026 13:23
92b642f4-0073-4e82-b80a-478f571a4af1,manners.exchange,available,12.99,38.99,high,low,7,namesilo,,,27/09/2026 04:41
61f5493e-cf05-4a32-b303-5ee563b75c58,stockings.exchange,available,5.98,49.98,medium,low,9,namecheap,,,17/09/2026 08:14
ddd9525b-8874-48c2-89e0-837bd21e269a,adulation.exchange,available,12.99,38.99,medium,low,9,namesilo,,,17/09/2026 10:04
04d53ec1-1069-4ce1-8ce0-641e60cdf897,tires.exchange,premium,85.8,85.8,medium,low,5,namecheap,,,27/09/2026 10:07
99c57e50-8244-40ca-9092-7c42b946b79c,hardy.exchange,available,12.99,38.99,high,low,5,namesilo,,,22/09/2026 12:21
5f01b9b9-e03b-4fa9-af08-f905cb269fe1,distinguished.exchange,available,10.99,,high,low,13,name.com,,,
b823f2bc-eb84-4596-9896-cfcdb2c6e128,momentous.exchange,available,5.98,49.98,high,low,9,namecheap,,,25/08/2026 03:59
873ba8cb-3ec1-4532-b0df-7e9f8535d6a0,applying.exchange,available,12,,high,low,8,unstoppable,,,28/09/2026 17:22
dc56ee6e-016f-426c-b784-988957f291fa,araceae.exchange,available,12.99,38.99,medium,low,7,namesilo,,,19/09/2026 23:36
17ef4ccc-e13c-49db-9cda-372312490a98,incense.exchange,available,5.38,31.25,high,low,7,spaceship,,,29/09/2026 19:17
05f35de7-149e-4671-9b76-d99baa28627d,vat.exchange,premium,118.8,118.8,high,low,3,namesilo,,,17/09/2026 05:53
fb64d44c-908a-4117-b81e-aa66fff69ba3,autarkic.exchange,available,5.98,49.98,medium,low,8,namecheap,,,07/08/2026 18:47
e2a9f3fd-e560-4ed6-b0a4-e69cffeba0ef,hoyt.exchange,available,5.38,31.25,medium,low,4,spaceship,,,28/09/2026 08:07
392da0a2-d398-412d-a155-be9309b34d74,upmarket.exchange,available,5.98,49.98,high,low,8,namecheap,,,12/09/2026 23:13
ce09b383-13a2-469c-8a70-1332a8ba3d73,spreads.exchange,available,5.38,31.25,medium,low,7,spaceship,,,29/09/2026 11:29
c0496bdc-f03d-4598-a93a-25a6b34e92a9,andorran.exchange,available,5.98,49.98,high,low,8,namecheap,,,
41f9e3e3-f699-458c-9318-1d3d44a55027,exaggerate.exchange,available,10.99,,high,low,10,name.com,,,
c6bd7552-fbc9-4ee6-a944-dbfbfb5947d5,tritely.exchange,available,12.99,38.99,low,low,7,namesilo,,,16/09/2026 09:30
22250de2-d01e-4d7e-9d6f-2682a236757f,arctangent.exchange,available,12.99,38.99,medium,low,10,namesilo,,,20/09/2026 01:30
547f5239-9f3a-403d-bc63-9cdf38d637c6,spawn.exchange,available,12.99,38.99,high,low,5,namesilo,,,30/09/2026 00:52
c26ca0ae-a388-45c7-9f64-023357f0c603,lazuline.exchange,available,5.98,49.98,medium,low,8,namecheap,,,08/08/2026 03:18
f4c73f97-b7bb-4e60-b319-8a4d907f6940,specialize.exchange,available,12.99,38.99,high,low,10,namesilo,,,29/09/2026 14:15
790fe5fa-4192-4fed-b754-f1d5b2813328,streaky.exchange,available,5.98,49.98,medium,low,7,namecheap,,,10/09/2026 22:22
810b4ec9-6c23-44cf-bad8-05fc6525570e,wits.exchange,available,5.38,31.25,high,low,4,spaceship,,,29/09/2026 14:09
8ee41340-cdb1-4df9-9c3e-9b1357a679f4,careers.exchange,premium,72.6,72.6,high,low,7,dynadot,,,28/09/2026 23:00
7c160e8a-38d0-4bc7-88fa-412a2006686f,alummah.exchange,available,5.98,49.98,medium,low,8,namecheap,,,18/09/2026 01:08
adb691c1-872b-4540-81ed-1270553d3f3c,numbered.exchange,available,6.1,32.21,medium,low,8,dynadot,,,29/09/2026 10:20
437efb99-26e5-4e4f-9f9e-a834b9206336,planktonic.exchange,available,5.98,49.98,medium,low,10,namecheap,,,08/09/2026 20:46
976f1686-f51b-4696-9dc3-0248cc22b576,freeway.exchange,available,12.99,38.99,high,low,7,namesilo,,,29/09/2026 18:44
a46346e4-48d9-4827-b332-37ed3db97a72,demonstrations.exchange,available,10.99,,medium,low,14,name.com,,,
a827d713-ddea-49f0-9ae8-94c54a42ceb6,knights.exchange,available,12.99,38.99,high,low,7,namesilo,,,27/09/2026 18:23
9adf940e-27a9-4103-968e-7e67b6d9fcc0,donaldson.exchange,available,12.99,38.99,medium,low,9,namesilo,,,27/09/2026 01:45
e1166744-7d73-43ac-895a-e6f08dcd9c2d,unsuccessful.exchange,available,5.98,49.98,medium,low,12,namecheap,,,29/09/2026 21:15
f54c6f7b-a76b-41c7-839f-1bee0a255d7d,ecru.exchange,available,,,medium,low,4,,,,
bb8eedd4-df1b-4407-aef8-346793b69e72,aerate.exchange,available,5.98,49.98,high,low,6,namecheap,,,17/09/2026 21:35
ded25992-bd5e-41e7-9924-7f32dec08b77,recognize.exchange,available,12.99,38.99,high,low,9,namesilo,,,27/09/2026 02:43
971b4136-8869-4576-9d85-0eba91257892,floodlit.exchange,available,5.98,49.98,medium,low,8,namecheap,,,18/08/2026 08:47
d8320ffb-47f3-4bbf-9f32-dbfe5f145d34,kantian.exchange,available,5.98,49.98,high,low,7,namecheap,,,22/08/2026 15:06
33d02869-6b0b-4095-9e19-fa2a7dcfb8ad,pout.exchange,available,5.98,49.98,high,low,4,namecheap,,,18/09/2026 18:12
f76574a4-97ac-4c22-bc61-ef3c670c93c0,appearances.exchange,available,5.38,31.25,low,low,11,spaceship,,,28/09/2026 23:35
9d06a919-b532-4692-8a29-baf3a501f578,struck.exchange,available,5.98,49.98,medium,low,6,namecheap,,,10/09/2026 11:50
be9447fb-f5c2-4da3-aad3-85e5ee0c76a8,cab.exchange,premium,78.54,78.54,high,low,3,namesilo,,,24/09/2026 11:33
e5b9e7e1-b3b0-40be-9598-a2bffc034a2c,ann.exchange,premium,38.94,38.94,high,low,3,namesilo,,,
c1fa95d8-7a12-45b8-8d61-3a97fb86284f,affection.exchange,available,12.99,38.99,high,low,9,namesilo,,,17/09/2026 14:16
a9205b14-7f06-4018-9b0b-b43d270315fa,barycenter.exchange,available,12.99,38.99,medium,low,10,namesilo,,,22/09/2026 09:39
a036178f-d4b4-4629-b290-3b88ade09cac,hdl.exchange,available,12.99,38.99,high,low,3,namesilo,,,18/09/2026 13:33
889cae7b-f2ff-457c-a119-3b4bb9074ca3,makeovers.exchange,available,5.98,49.98,medium,low,9,namecheap,,,21/09/2026 08:55
2d4a1574-221b-4e60-8748-12808e335b97,edentulous.exchange,available,5.98,49.98,medium,low,10,namecheap,,,15/08/2026 08:36
75c3fa3b-7e78-4b21-8efe-d7903df337ee,unnoticed.exchange,available,5.98,49.98,medium,low,9,namecheap,,,12/09/2026 16:02
33c781a1-01c2-4813-9436-e90acb8d2bf2,involvement.exchange,available,10.99,,high,low,11,name.com,,,
07e8b827-5abc-4fff-90ce-f1f020d69a10,thither.exchange,available,12.99,38.99,medium,low,7,namesilo,,,16/09/2026 08:57
c60ca33f-efef-4695-9c35-84dc869cbbe4,sitka.exchange,available,5.38,31.25,high,low,5,spaceship,,,29/09/2026 20:23
4f8ae71c-b287-46b0-90ee-e30a579adacb,bioassay.exchange,available,12.99,38.99,medium,low,8,namesilo,,,23/09/2026 17:38
bf522586-8bac-4f88-aeae-2d2b5ed54c38,scraggy.exchange,available,5.98,49.98,medium,low,7,namecheap,,,22/08/2026 12:02
4ac7128b-b8c7-4104-a629-9bc1fbffe3f2,nonaligned.exchange,available,5.98,49.98,medium,low,10,namecheap,,,03/09/2026 18:44
79feb89d-a8fd-445b-9a2a-a4da35974e20,heritable.exchange,available,5.98,49.98,medium,low,9,namecheap,,,21/08/2026 07:08
bdd4e4e3-6177-4c66-8ebb-fd615c831778,cushy.exchange,available,5.98,49.98,high,low,5,namecheap,,,13/08/2026 11:58
b0d64b46-e3ca-411c-a0f9-86cc8f2b9597,consists.exchange,available,6.1,32.21,low,low,8,dynadot,,,29/09/2026 23:07
36581c88-db92-4f68-a1fa-c59aba32d02b,tasselled.exchange,available,5.98,49.98,medium,low,9,namecheap,,,11/09/2026 08:58
1cd6b943-185a-4a3d-9378-fa660b8a0410,fanged.exchange,available,5.98,49.98,medium,low,6,namecheap,,,17/08/2026 22:05
6e5c0a8d-8c36-47b8-9c59-6305737ce804,limply.exchange,available,5.98,49.98,medium,low,6,namecheap,,,15/09/2026 12:20
ae5c52eb-7169-4a61-b9b3-d29e8ae863d6,terminating.exchange,available,5.98,49.98,medium,low,11,namecheap,,,08/09/2026 14:51
13d46723-bc61-4313-af23-68c906c397b9,rudiments.exchange,available,12.99,38.99,medium,low,9,namesilo,,,22/09/2026 10:41
cf376f68-cca7-4d2e-a166-646b10be75eb,windy.exchange,available,12.99,38.99,high,low,5,namesilo,,,22/09/2026 22:44
1d191873-bc9a-4c8c-af24-76ac482156d0,talked.exchange,available,5.98,49.98,high,low,6,namecheap,,,18/09/2026 13:42
60db55a4-55c1-4813-b2b8-7d84d94602ba,polished.exchange,available,5.98,49.98,high,low,8,namecheap,,,24/08/2026 23:10
31cada1a-5d06-4afa-9c18-6ac8d3f85d4f,killed.exchange,available,12.99,38.99,medium,low,6,namesilo,,,17/09/2026 12:17
3c306054-5509-42ec-a682-20434a638933,halls.exchange,available,12.99,38.99,high,low,5,namesilo,,,28/09/2026 13:17
5ce7bda6-b604-49f2-8167-d5f1f7b22a7e,eyelike.exchange,available,5.98,49.98,medium,low,7,namecheap,,,17/08/2026 20:04
5c854aaf-9abb-4f46-a503-1adc39dc53a8,picture.exchange,premium,118.8,118.8,high,low,7,namesilo,,,24/09/2026 16:54
b0baef1b-5f22-4088-83ce-7393ae2bde19,digest.exchange,available,12.99,38.99,high,low,6,namesilo,,,24/09/2026 10:44
3ee3e749-5a8e-4642-b3ff-e730fd467bf6,bowl.exchange,available,12.99,38.99,high,low,4,namesilo,,,24/09/2026 07:38
2efc7df8-7623-4724-9eee-70971003abcd,baulk.exchange,available,5.98,49.98,medium,low,5,namecheap,,,14/08/2026 04:57
ee81d769-2f00-4d75-b082-55fdbead3c85,crust.exchange,available,12.99,38.99,high,low,5,namesilo,,,24/09/2026 14:05
6ed27c91-79bc-4103-a59b-a133e40e1dec,coefficient.exchange,available,10.99,,high,low,11,name.com,,,
f3a8dd3b-7850-4e06-a2a8-04eeff551b00,unshadowed.exchange,available,5.98,49.98,low,low,10,namecheap,,,12/09/2026 19:29
03976167-0007-42c0-b1d2-55046d42a6f2,arcminute.exchange,available,12.99,38.99,medium,low,9,namesilo,,,20/09/2026 02:40
5e4010c2-d082-4e98-bfa5-c0759c31517a,procure.exchange,resell,,,high,low,7,Dynadot Inc,12/11/2025 19:42,12/11/2026 19:42,26/09/2026 08:20
eaaebb26-a290-41b6-9e29-5f414a600669,chequered.exchange,available,5.98,49.98,medium,low,9,namecheap,,,12/08/2026 03:40
f871a131-8697-4bd1-9d80-0d3702032b74,wales.exchange,premium,,,high,low,5,,,,29/09/2026 06:12
0c904252-91a5-45c4-9eda-deea354bc561,patience.exchange,available,12.99,38.99,high,low,8,namesilo,,,25/09/2026 06:07
92d0e39c-47d9-4550-b13f-957c01237e2a,moderator.exchange,available,10.99,,high,low,9,name.com,,,
3195bc27-7a6e-4aa4-a6af-ccf559607791,jam.exchange,premium,128.7,128.7,high,medium,3,namecheap,,,25/09/2026 22:35
14ca9ac6-181a-44bb-a93d-9e6fc556451d,prices.exchange,premium,78.54,78.54,high,low,6,namesilo,,,
e2cd5750-2287-4141-9fde-99cfec9605a1,misprint.exchange,available,5.98,49.98,medium,low,8,namecheap,,,24/08/2026 02:49
f674905c-4a13-4b66-8e1e-328b86fdb340,amines.exchange,available,12.99,38.99,medium,low,6,namesilo,,,29/09/2026 11:37
f8d63fd8-2715-49e5-927a-5382cf069f5a,tighten.exchange,available,12,,high,low,7,unstoppable,,,29/09/2026 14:16
0f89aa03-8c90-4558-8562-e09c394f833a,perl.exchange,available,6.18,31.41,high,low,4,porkbun,,,29/09/2026 21:52
50b117b7-9fa2-486b-8e77-91ec196034a6,presidency.exchange,available,12,,high,low,10,unstoppable,,,29/09/2026 13:43
6f24cf1d-e41e-4010-8b82-d8e2347ccf3b,bring.exchange,available,5.98,49.98,high,low,5,namecheap,,,25/09/2026 05:59
835e548e-9529-4fb7-97c6-b68990e1c858,visualize.exchange,available,12.99,38.99,high,low,9,namesilo,,,24/09/2026 16:39
ab7ba462-9c50-441f-b7e9-7abfa91d7f23,salving.exchange,available,5.98,49.98,medium,low,7,namecheap,,,14/08/2026 01:40
78a208e9-7f31-4180-ba2c-1d100ae3e978,griffith.exchange,available,12.99,38.99,high,low,8,namesilo,,,25/09/2026 04:33
15484224-d3c3-47fa-bdad-7ce4894d1ac0,pro.exchange,premium,854,854,high,medium,3,namesilo,,,09/09/2026 02:20
0752dae0-310d-47ba-ab9c-1d0bce4efd4a,cecilia.exchange,available,12.99,38.99,medium,low,7,namesilo,,,26/09/2026 03:37
27e132fa-5956-4bed-b78e-661f881f7099,bavaria.exchange,available,12.99,38.99,high,low,7,namesilo,,,22/09/2026 16:42
346ef411-9415-41f1-8525-e07dac56c6bb,tetrad.exchange,available,5.98,49.98,medium,low,6,namecheap,,,
8caadc40-3843-4051-b620-abf31eb2a221,neurological.exchange,available,12,,medium,low,12,unstoppable,,,29/09/2026 16:30
a7dfc89d-912b-4cf6-a197-0b2c9a65f70a,stellate.exchange,available,5.98,49.98,medium,low,8,namecheap,,,09/09/2026 09:34
4b86bc4b-e5d9-400a-8d96-f51bea3914ad,cash.exchange,resell,,,high,medium,4,1API GmbH,17/11/2018 23:22,17/11/2026 23:22,26/09/2026 04:47
9cff93ad-8c9f-4bce-8deb-d81016c4bb23,mother.exchange,available,6.18,31.41,high,low,6,porkbun,,,29/09/2026 19:00
90d04ad4-45d2-4b88-9148-3b9a7be57dcf,dauntless.exchange,available,5.98,49.98,high,low,9,namecheap,,,22/09/2026 12:12
4c80ce84-9dcd-404c-acf6-f21d87e0f9c5,maricopa.exchange,available,12.99,38.99,high,low,8,namesilo,,,29/09/2026 13:23
8c97d4a9-e781-4160-a1de-fb2dd20bda79,swimsuit.exchange,available,12.99,38.99,high,low,8,namesilo,,,22/09/2026 13:37
6fa9283b-1f90-474a-a14d-b2c88ed72cb9,bilk.exchange,available,5.98,49.98,medium,low,4,namecheap,,,09/09/2026 08:21
0cf3cbd4-a4ad-4b3b-87d1-6c2da5b4d8c3,henderson.exchange,available,5.98,49.98,high,low,9,namecheap,,,25/09/2026 19:30
3d25ed64-9104-4ac8-b35a-ade67d87911d,nought.exchange,available,12.99,38.99,high,low,6,namesilo,,,21/09/2026 10:34
d3473875-e01d-421d-953f-32641897997a,abbatial.exchange,available,5.98,49.98,medium,low,8,namecheap,,,
29fe5a67-2921-46e1-8a66-c8e2056be54a,louisiana.exchange,available,6.18,31.41,high,low,9,porkbun,,,28/09/2026 10:17
ef8fa9e5-42fb-4832-9ad2-5e9987d90fd8,detected.exchange,available,12.99,38.99,high,low,8,namesilo,,,24/09/2026 07:30
cc205d27-e437-4fe3-adb4-d59d55d293e9,viciously.exchange,available,5.98,49.98,medium,low,9,namecheap,,,14/09/2026 01:35
fdd217bd-6d4d-417b-a1e7-0280dff95a37,meddlesome.exchange,available,5.98,49.98,medium,low,10,namecheap,,,11/08/2026 11:23
95f68a34-fa45-433a-ad62-4727ebb7d4d1,heartbreak.exchange,available,5.38,31.25,high,low,10,spaceship,,,30/09/2026 00:54
4bcad2ff-5739-40a5-8fe4-d78d9e5134e2,balanchine.exchange,available,5.98,49.98,high,low,10,namecheap,,,21/09/2026 20:54
2411cbe9-42b6-49e3-8372-3798d2e063b3,furious.exchange,available,5.98,49.98,high,low,7,namecheap,,,
faa426f2-01c3-4023-ab91-0036c13fe91d,happening.exchange,available,12.99,38.99,high,low,9,namesilo,,,25/09/2026 23:54
be49c2b2-42a9-427c-a046-c7f3258e8f72,quantized.exchange,available,5.98,49.98,high,low,9,namecheap,,,09/09/2026 07:30
04769299-213c-449a-9a9c-e6be5ddaeb71,kerala.exchange,available,5.38,31.25,medium,low,6,spaceship,,,28/09/2026 16:15
13ed7486-ba37-4de4-9fe0-489d022db323,barton.exchange,available,5.38,31.25,high,low,6,spaceship,,,28/09/2026 11:33
dcd7509e-c348-4418-94d9-239648e5f7d0,holiness.exchange,available,5.98,49.98,high,low,8,namecheap,,,29/09/2026 19:10
566c1fa2-2c0b-4398-8efb-1b9afb2cc5a0,variform.exchange,available,5.98,49.98,medium,low,8,namecheap,,,13/09/2026 01:22
baccaab3-17e0-4afe-ae03-d2b0d9c90ce8,said.exchange,available,10.99,,high,low,4,name.com,,,
a72ace33-6a55-4939-b5af-4da9c722cd2f,majorities.exchange,available,12,,low,low,10,unstoppable,,,29/09/2026 05:40
92ec68d1-2d76-42ef-aca3-d9208c5337b8,criticise.exchange,available,10.99,,high,low,9,name.com,,,
aea07a62-9f01-4881-b391-3fa5a91a19e2,lxxx.exchange,available,5.98,49.98,medium,low,4,namecheap,,,
5503d2d3-92a1-4a41-906d-ec061476548e,neptunium.exchange,available,5.98,49.98,medium,low,9,namecheap,,,21/09/2026 00:09
0a852d57-ae7c-4db9-aa34-1838d529b7a3,critics.exchange,available,5.38,31.25,low,low,7,spaceship,,,28/09/2026 18:02
af3949dd-e0cd-498d-9634-b00a553e59dc,wellington.exchange,available,5.98,49.98,high,low,10,namecheap,,,20/09/2026 11:08
b91459d9-768c-4f51-b201-40482ed88a3c,arguable.exchange,available,5.98,49.98,medium,low,8,namecheap,,,06/08/2026 18:32
7477c2db-4a38-4f7a-9984-c49621cb8bca,tumor.exchange,available,30.2,30.2,medium,low,5,cloudflare,,,28/09/2026 10:32
f0329d96-5683-4f88-ae3a-dd67213916f7,neuronal.exchange,available,5.98,49.98,medium,low,8,namecheap,,,03/09/2026 16:20
c8c7ead4-08d7-4882-8cc0-7aedbfc0c889,sizes.exchange,available,12.99,38.99,medium,low,5,namesilo,,,19/09/2026 02:18
c6a3c8ed-9f54-491d-be30-151dcdc8f1a0,amplifies.exchange,available,10.99,50.99,medium,low,9,name.com,,,17/09/2026 20:54
c7c6982b-f60a-4671-ac5f-fe5a63c70307,bleachers.exchange,available,12.99,38.99,high,low,9,namesilo,,,24/09/2026 05:18
5fd5fe46-fc69-4c1f-ab74-d4dd6c9cdc23,aerosol.exchange,available,12.99,38.99,high,low,7,namesilo,,,17/09/2026 13:15
0c9c8dfe-a587-47ee-8cb8-657a344a1cb5,mastercard.exchange,available,,,high,medium,10,,,,
60716a59-b896-4632-ae32-abce7f2d2a46,dissembler.exchange,available,5.98,49.98,medium,low,10,namecheap,,,08/09/2026 19:10
b5a41009-e42b-4693-9e8b-b91e6e872f44,goosefish.exchange,available,12.99,38.99,medium,low,9,namesilo,,,18/09/2026 11:40
5732ed73-fc18-4645-8a73-2eb4e24f1555,closing.exchange,available,5.98,49.98,high,low,7,namecheap,,,08/09/2026 06:59
cbbc38a4-c213-45a1-af4e-6c2c50f9f666,rhomboid.exchange,available,5.98,49.98,medium,low,8,namecheap,,,09/09/2026 16:47
97af5986-bd52-45fc-85d6-688ac59f6edf,cedric.exchange,available,12.99,38.99,medium,low,6,namesilo,,,29/09/2026 11:42
71c95f87-02be-4417-b0fb-cc13010f4bab,abjurer.exchange,available,12.99,38.99,medium,low,7,namesilo,,,16/09/2026 16:02
85048e9e-48ed-498a-8ea6-83b3a15c1877,carob.exchange,available,12.99,38.99,high,low,5,namesilo,,,18/09/2026 06:50
df5055ad-394b-404a-8b67-905699886964,adrenalin.exchange,available,12.99,38.99,high,low,9,namesilo,,,17/09/2026 09:56
52b1b4cb-96cc-4881-95c7-64dede9b390f,dispatched.exchange,available,5.38,31.25,medium,low,10,spaceship,,,29/09/2026 17:05
1f2ec318-d9ac-47ea-88b6-b93d06f47441,recruiting.exchange,premium,68.51,68.51,high,low,10,spaceship,,,28/09/2026 21:30
c921d908-78c7-488b-94d9-fbd486d3e905,extraordinary.exchange,available,10.99,,high,low,13,name.com,,,
fa98b829-0d4b-4311-85f6-b717af8ccadf,radiator.exchange,available,5.98,49.98,high,low,8,namecheap,,,29/09/2026 20:06
23108b56-e67f-4190-922d-a5f1b4cf9a6b,studs.exchange,available,10.99,,high,low,5,name.com,,,
1766c773-f99d-446f-9fef-5946396adfa4,elusive.exchange,available,5.98,49.98,high,low,7,namecheap,,,08/08/2026 08:07
df10c917-a86b-49ad-928b-f04d6da5b079,audiology.exchange,available,5.98,49.98,high,low,9,namecheap,,,21/09/2026 02:56
44b9173d-006b-4bf3-8acf-1355d838f454,longer.exchange,available,12,,high,low,6,unstoppable,,,28/09/2026 16:12
82428e42-7384-4403-9db9-73b1fd4a1289,friendless.exchange,available,5.98,49.98,medium,low,10,namecheap,,,18/08/2026 15:33
4f45e783-86f7-4896-b12d-a18158593c49,eileen.exchange,available,12.99,38.99,medium,low,6,namesilo,,,26/09/2026 03:31
d4a86225-da1a-4844-9183-d9c29777b86d,posing.exchange,available,5.98,49.98,high,low,6,namecheap,,,10/09/2026 08:59
0a2b55f7-f241-4767-825e-ca78eb7a59b6,westwood.exchange,available,10.99,,high,low,8,name.com,,,
82fcacd9-7c93-459e-86c9-348f7458a784,pencil.exchange,available,10.99,,high,low,6,name.com,,,
bf975201-a27b-42e9-b0a3-451a7e5ca613,argentine.exchange,available,,,high,high,9,,,,
d60eb57d-a01f-49f7-ba9c-7cd36f58a450,judas.exchange,available,6.18,31.41,medium,low,5,porkbun,,,28/09/2026 19:35
747e609e-cf42-40a9-9dba-0464f84e661e,authorized.exchange,available,12.99,38.99,high,low,10,namesilo,,,22/09/2026 13:48
a41f199c-b15a-4c13-918c-6e67b3f4480d,emphasize.exchange,available,12.99,38.99,high,low,9,namesilo,,,16/09/2026 21:52
e77ce671-66c8-45e2-b21d-ec473f0f3ce2,syriac.exchange,available,30.2,30.2,high,low,6,cloudflare,,,28/09/2026 03:24
bb052d11-dd4a-41f3-ae42-7a257d89a96f,unlikeable.exchange,available,5.98,49.98,medium,low,10,namecheap,,,12/09/2026 00:56
bb041a5f-5053-4da3-9a91-b8c2fa02a773,consciousness.exchange,available,30.2,30.2,medium,low,13,cloudflare,,,28/09/2026 08:13
2d5c760e-700b-4d67-a19a-292ceac0d0b8,certainly.exchange,available,5.98,49.98,high,low,9,namecheap,,,24/09/2026 21:00
9ef3804b-1070-46bc-b02d-29e85bef098e,departed.exchange,available,5.98,49.98,medium,low,8,namecheap,,,07/08/2026 11:31
13197aa1-1d0c-42fd-9f1c-f87740ce0213,hostages.exchange,available,30.2,30.2,medium,low,8,cloudflare,,,27/09/2026 11:30
1c451ecd-dc27-4b1e-bee2-142d445c888b,ambrosia.exchange,available,12.99,38.99,high,low,8,namesilo,,,18/09/2026 17:26
55052d7b-b32e-4c5e-b388-615e4582876a,stretch.exchange,available,5.98,49.98,high,low,7,namecheap,,,21/09/2026 20:13
540c9326-6b1a-45ee-8087-05f0fea4aa65,roar.exchange,available,5.38,31.25,high,low,4,spaceship,,,27/09/2026 15:38
ba0521f1-c395-4a68-982d-ff792c9bdd06,funerals.exchange,available,5.38,31.25,medium,low,8,spaceship,,,29/09/2026 17:32
bfd9163d-846f-493a-a076-e6fceb3d5432,actinium.exchange,available,5.98,49.98,medium,low,8,namecheap,,,16/09/2026 19:56
e461070f-3370-49f0-b970-fc41a9d3dec2,nettle.exchange,available,5.98,49.98,high,low,6,namecheap,,,24/09/2026 22:02
627a2db7-5069-4601-be31-79b96760c9a1,discourse.exchange,available,12.99,38.99,high,low,9,namesilo,,,23/09/2026 22:52
60ce5a04-90bb-45f2-95af-fa9747d04dab,allopathy.exchange,available,5.98,49.98,medium,low,9,namecheap,,,18/09/2026 12:00
c1dc039c-c573-415e-9c43-f1a0ad74babd,disguise.exchange,available,12.99,38.99,high,low,8,namesilo,,,29/09/2026 06:07
c419173f-d753-4d14-84f1-5f4b99808655,unmapped.exchange,available,5.98,49.98,medium,low,8,namecheap,,,12/08/2026 02:55
4c6cb03f-a400-4828-ab1f-00864e970dde,oxycontin.exchange,available,12.99,38.99,medium,low,9,namesilo,,,20/09/2026 00:25
713fe740-4fd6-48ee-8355-8476804985c1,intestine.exchange,available,30.2,30.2,medium,low,9,cloudflare,,,29/09/2026 18:03
f6446dd2-17e4-4ce9-b45e-e85e61412ab4,grandiose.exchange,available,5.98,49.98,high,low,9,namecheap,,,20/08/2026 17:58
06609396-3b53-40cf-a45b-cd0d6068b498,danny.exchange,available,12.99,38.99,medium,low,5,namesilo,,,25/09/2026 17:19
a8d6fa28-63b2-4765-b42d-6ad44ca30ff6,expecting.exchange,available,10.99,,high,low,9,name.com,,,
83f7bfa7-71cd-4bed-afc3-601fef0331e0,visible.exchange,resell,,,high,low,7,Dynadot Inc,05/07/2021 18:44,05/07/2027 18:44,27/09/2026 19:29
16ef3ef4-d0b3-479b-a29c-976ffb8e6e07,abide.exchange,available,5.38,31.25,high,low,5,spaceship,,,29/09/2026 04:34
eef80ad8-9e37-4775-9223-04c7bd897b85,showered.exchange,available,12.99,38.99,medium,low,8,namesilo,,,20/09/2026 16:51
96a9c7b8-7439-4df2-8a03-b0577d4bf97a,insurable.exchange,available,5.98,49.98,high,low,9,namecheap,,,22/08/2026 07:40
6fe415a0-36e2-43a1-bc72-c26d94b067c8,existence.exchange,available,12.99,38.99,high,low,9,namesilo,,,28/09/2026 10:53
8c419d3a-4d2e-44a9-b7c4-ac94eca83646,totalizer.exchange,available,12.99,38.99,medium,low,9,namesilo,,,17/09/2026 06:58
eb1db0e9-1138-4f75-a124-2c0468c90ba7,macgregor.exchange,available,5.38,31.25,medium,low,9,spaceship,,,28/09/2026 19:47
a4d14431-1921-40a7-b6e6-add792807b1a,wesleyan.exchange,available,5.98,49.98,high,low,8,namecheap,,,24/08/2026 22:00
6f0048fa-3eb0-4cfc-837c-ff5a9a17fe51,ardisia.exchange,available,12.99,38.99,medium,low,7,namesilo,,,20/09/2026 03:10
09c4a903-bb75-4f74-81d6-cbb59a20807f,magyar.exchange,available,5.98,49.98,high,low,6,namecheap,,,21/08/2026 15:41
5787c17e-8323-467f-8926-3c1917084c1f,coeval.exchange,available,5.98,49.98,medium,low,6,namecheap,,,12/08/2026 15:28
646bd2f0-6bbb-49e8-a3ee-4c8483a8ff92,rommel.exchange,available,5.98,49.98,medium,low,6,namecheap,,,30/09/2026 01:19
34291083-8031-46d1-936a-e8563a6a9d0a,pornographic.exchange,available,30.2,30.2,medium,low,12,cloudflare,,,29/09/2026 20:53
b18a77a0-d566-4504-a6be-03851f3a2c5d,formless.exchange,available,5.98,49.98,medium,low,8,namecheap,,,
5f8471a6-e548-4dea-bee3-0e2d19a15f26,farseeing.exchange,available,5.98,49.98,medium,low,9,namecheap,,,14/08/2026 22:22
e5310364-7bb5-4304-b468-356efc06accc,nosy.exchange,available,5.98,49.98,medium,low,4,namecheap,,,03/09/2026 21:48
63563f5e-74df-444d-b5d8-f8f66531ef74,goshawk.exchange,available,12.99,38.99,medium,low,7,namesilo,,,16/09/2026 22:31
b8b5a410-f4e8-4581-b71f-8a2d666f0faf,conrad.exchange,available,12.99,38.99,high,low,6,namesilo,,,25/09/2026 04:23
5ea5d6c3-f5a5-4296-88c5-e3b01d5f045c,catalytic.exchange,available,5.98,49.98,high,low,9,namecheap,,,11/08/2026 20:58
c5ddcf6a-73f3-4f98-8b8b-a34b4e07f702,barrow.exchange,available,12.99,38.99,medium,low,6,namesilo,,,22/09/2026 08:41
91e1b740-9b8c-41ff-bb1c-e9754e604c5c,tougher.exchange,available,5.38,31.25,medium,low,7,spaceship,,,29/09/2026 11:36
b0fc1145-9e27-45f6-8114-7d3b9cc2851c,explosives.exchange,available,5.38,31.25,medium,low,10,spaceship,,,28/09/2026 04:36
b1f73d2f-a4dd-4c11-a270-8bec4e7ca8d9,operationally.exchange,available,5.98,49.98,medium,low,13,namecheap,,,29/09/2026 17:55
54e4bbc5-1e6b-449c-bc30-324c16a7d37f,keenly.exchange,available,5.98,49.98,high,low,6,namecheap,,,15/09/2026 10:20
526d57fc-e3c8-4706-89af-00a47eaea0bb,semihard.exchange,available,5.98,49.98,medium,low,8,namecheap,,,10/09/2026 03:04
110e08ca-6b23-44fb-bbe9-10f4f4bc5ca9,transcription.exchange,available,5.38,31.25,medium,low,13,spaceship,,,29/09/2026 23:27
c5369866-80fd-45f4-a8ef-66e66b425b1c,folded.exchange,available,5.38,31.25,medium,low,6,spaceship,,,28/09/2026 16:55
a9f95da9-7c7b-4c90-b8c0-0c6d4abe85e7,knowledgeable.exchange,available,12,38.99,high,low,13,unstoppable,,,29/09/2026 08:34
b24121b1-2c6d-4fee-ba4c-7a179836f0bf,overt.exchange,available,5.98,49.98,high,low,5,namecheap,,,04/09/2026 21:53
e2557cad-9b31-4763-9b8c-b2f79e99cc76,paneled.exchange,available,5.98,49.98,medium,low,7,namecheap,,,05/09/2026 00:50
fd65b712-b54f-4259-8393-0d355c604fdc,eric.exchange,available,12.99,38.99,high,medium,4,namesilo,,,25/09/2026 11:25
5847e242-3b23-44ec-b76a-434b006689bc,impostor.exchange,available,5.98,49.98,medium,low,8,namecheap,,,09/09/2026 04:59
915b74db-91c9-4724-8723-6fa758bd655d,moron.exchange,available,5.98,49.98,medium,low,5,namecheap,,,21/08/2026 20:28
ee5c78b3-a670-4f1e-8622-f41f1cecfe10,aidoneus.exchange,available,5.98,49.98,medium,low,8,namecheap,,,17/09/2026 20:53
047fbf80-9cba-453a-b3bd-9cd931086e5f,reusable.exchange,available,5.98,49.98,high,low,8,namecheap,,,09/09/2026 11:33
83f4f715-f62c-42a4-b142-52769e1289aa,hangout.exchange,premium,118.8,118.8,high,low,8,namesilo,,,
5c7c9fb2-0b61-4eb3-8cb2-ace776814fc6,compel.exchange,available,5.98,49.98,high,low,6,namecheap,,,03/09/2026 23:39
eac75893-0cbb-4659-9c3f-8682776b0a9a,bellboy.exchange,available,12.99,38.99,high,low,7,namesilo,,,23/09/2026 05:55
30e3d26b-0375-42c0-9c4c-76be5a33d7dd,alum.exchange,available,5.98,49.98,high,low,4,namecheap,,,20/08/2026 17:49
edec4ded-d1d6-4b9e-8c9b-5938e5231472,gallantly.exchange,available,5.98,49.98,medium,low,9,namecheap,,,14/09/2026 06:45
586d956b-2b93-42da-b747-8f2f09e19ccf,stroke.exchange,premium,72.6,72.6,high,low,6,dynadot,,,28/09/2026 21:42
b06e816c-7e1d-43b3-a9f2-e130212c3e70,grandfathers.exchange,available,12.99,38.99,medium,low,12,namesilo,,,20/09/2026 22:52
1bdbee96-c0e8-4b11-a370-f47ac9dcdc17,dogwalking.exchange,available,5.98,49.98,high,low,10,namecheap,,,18/09/2026 19:10
3534803c-b639-4b6d-be83-7dfee2cd5ab5,treasures.exchange,available,5.38,31.25,medium,low,9,spaceship,,,29/09/2026 05:28
3716238e-926e-4b9a-94f7-37bccc451b72,spinous.exchange,available,5.98,49.98,medium,low,7,namecheap,,,
8da2b408-00a0-41c6-ba37-a2a6d3fa6567,chapstick.exchange,available,10.99,,high,low,9,name.com,,,
368be7e2-1aa8-4ccb-9cc9-9ef013588b60,hoagie.exchange,available,5.98,49.98,high,low,6,namecheap,,,24/09/2026 20:04
c52e5113-4502-4370-913d-a576d2d8f982,unabridged.exchange,available,5.98,49.98,high,low,10,namecheap,,,11/09/2026 23:28
8726f554-86cc-4125-87e6-07eed9c55365,zhou.exchange,available,12.99,38.99,high,low,4,namesilo,,,25/09/2026 22:14
efc2e97f-ca6a-4f03-8422-4f002ac063dd,semisolid.exchange,available,5.98,49.98,medium,low,9,namecheap,,,10/09/2026 03:26
b9054f83-6264-4dd5-aff7-178621735e8b,rodeo.exchange,premium,78.54,78.54,high,low,5,namesilo,,,28/09/2026 06:42
39b6e314-7411-4b6c-9944-a6e3b2b70ff9,bozeman.exchange,available,12,,high,low,7,unstoppable,,,30/09/2026 00:51
1e87c1d6-e264-4111-b0f3-38cd02cbb1ee,locomotive.exchange,available,5.98,49.98,high,low,10,namecheap,,,24/08/2026 08:48
af2a7967-a802-4108-be2b-5f99ec071fdc,kerr.exchange,available,5.98,49.98,high,low,4,namecheap,,,25/09/2026 19:26
0f896f4b-121f-46a1-8b79-bcf60f0e6c4a,menstrual.exchange,available,5.98,49.98,high,low,9,namecheap,,,11/08/2026 20:59
16dfa373-bd63-43b3-a6be-18bf3a58384b,timestamps.exchange,available,12.99,38.99,medium,low,10,namesilo,,,20/09/2026 14:31
f3849e63-2988-45c3-97d2-7c18d526607a,suggested.exchange,available,12.99,38.99,medium,low,9,namesilo,,,18/09/2026 13:48
d30aba6d-d655-4152-af45-b9c7019ffe92,otic.exchange,available,5.98,49.98,medium,low,4,namecheap,,,07/08/2026 17:41
74e273f2-f558-43e0-9572-ee976fbfd8ac,cavalier.exchange,available,5.98,49.98,high,low,8,namecheap,,,11/08/2026 22:48
028ce08e-bc5d-478f-9014-77311f4948b2,ultrasound.exchange,available,12.99,38.99,high,low,10,namesilo,,,29/09/2026 12:08
4005807a-6dc8-4ae3-a38f-c95fe4c051cb,sunstone.exchange,available,12.99,38.99,high,low,8,namesilo,,,21/09/2026 09:07
728bd8f5-b02e-4b00-a8af-ebcdae707b40,exergonic.exchange,available,5.98,49.98,medium,low,9,namecheap,,,17/08/2026 17:06
413f6879-e0de-42a5-80a7-8f47b4440b63,baluster.exchange,available,12.99,38.99,medium,low,8,namesilo,,,22/09/2026 00:22
3f06f056-ac26-483d-a150-7436dbd5a06b,der.exchange,premium,,,medium,low,3,,,,28/09/2026 20:56
399f1e81-67ec-472d-aa2e-30249ab0b7b2,accrual.exchange,available,12.99,38.99,high,low,7,namesilo,,,16/09/2026 23:14
a4c516d4-a10e-4b56-a9c4-6188cc11af07,smutty.exchange,available,5.98,49.98,medium,low,6,namecheap,,,13/08/2026 08:53
be09a06d-1c5c-4afa-8b0d-2312329b045d,dehydrated.exchange,available,5.98,49.98,medium,low,10,namecheap,,,14/08/2026 00:06
2feb6100-7685-4350-881f-1781143acb77,sudsy.exchange,available,5.98,49.98,medium,low,5,namecheap,,,22/08/2026 20:37
fd99f143-2da9-450b-8cf1-95fbab4f3146,easiest.exchange,available,5.38,31.25,medium,low,7,spaceship,,,28/09/2026 23:51
f79d12f3-5755-46f5-8ae6-abfe43d0a8a1,shipped.exchange,available,5.98,49.98,high,low,7,namecheap,,,28/09/2026 13:02
5f708bbe-e9c9-4be8-a291-2637fe6ef32a,fungus.exchange,available,5.38,31.25,high,low,6,spaceship,,,28/09/2026 14:14
acb17131-32eb-4e6f-863e-a7dc41b01981,congressman.exchange,available,30.2,30.2,high,low,11,cloudflare,,,28/09/2026 04:59
c136b256-369c-462e-857b-ab69c733c064,probation.exchange,available,6.18,31.41,high,low,9,porkbun,,,28/09/2026 10:46
8741ecbc-e751-4ce4-8c16-35237ff5b95b,mendicant.exchange,available,5.98,49.98,medium,low,9,namecheap,,,24/08/2026 20:08
1afa3bd5-274f-47f7-a8ef-3f38910cfcd1,minder.exchange,available,12.99,38.99,medium,low,6,namesilo,,,21/09/2026 13:29
c49593e2-c2d3-40b5-8410-31b56a0abcc1,rusted.exchange,available,5.98,49.98,medium,low,6,namecheap,,,09/09/2026 20:17
bbbf122c-e0b0-4292-9116-72479708429a,refused.exchange,available,12.99,38.99,medium,low,7,namesilo,,,18/09/2026 13:40
ef82d8bb-22a8-40c4-b721-d044afe6c9e1,tubal.exchange,available,5.98,49.98,medium,low,5,namecheap,,,11/09/2026 20:53
91152b9e-0f77-4a2c-95f4-34242d7d5600,annul.exchange,available,5.98,49.98,medium,low,5,namecheap,,,13/09/2026 06:39
eaba49e9-4eb5-4370-852a-101dea5d1628,bargee.exchange,available,12.99,38.99,medium,low,6,namesilo,,,22/09/2026 05:47
91e22c8f-5cfc-4729-b7a8-efb6dc09496b,striker.exchange,available,30.2,30.2,high,low,7,cloudflare,,,29/09/2026 08:09
4605e498-9ccb-47fa-94e5-3e8e067dabde,zealously.exchange,available,12.99,38.99,medium,low,9,namesilo,,,16/09/2026 11:50
7e85adcf-c48a-4ffb-94d6-dfc39365aa34,faint.exchange,available,5.98,49.98,high,low,5,namecheap,,,17/08/2026 21:01
f068f2ba-39c6-41bc-9631-add5a4932ec1,bisque.exchange,available,12.99,38.99,high,low,6,namesilo,,,23/09/2026 22:05
f2300e09-3b78-44eb-b396-5a8e17aac093,antiquary.exchange,available,5.98,49.98,medium,low,9,namecheap,,,
100b0655-0c20-4062-9dc2-a4afbee8661d,benet.exchange,available,12.99,38.99,high,low,5,namesilo,,,23/09/2026 07:58
25d8e974-dd3e-4a13-8778-5172b8a203c1,thoracic.exchange,available,5.98,49.98,high,low,8,namecheap,,,08/09/2026 12:02
dfe267c2-0b72-4555-9b79-59cf52b2a4b3,msu.exchange,premium,78.54,78.54,high,low,3,namesilo,,,29/09/2026 09:17
ffd8d486-b06d-4837-b1fc-9ca26357b17e,sabbatical.exchange,available,5.98,49.98,high,low,10,namecheap,,,09/09/2026 20:30
9265a490-1c74-462f-bcf2-2b0fbef68461,oversee.exchange,available,10.99,,high,low,7,name.com,,,
e1a346ab-4119-4a24-ac31-a5e7d02c11ed,cousin.exchange,available,5.98,49.98,high,low,6,namecheap,,,24/09/2026 18:49
41bd4bb2-23c6-418d-99de-a07b9f90d27a,cali.exchange,premium,128.7,128.7,high,low,4,namecheap,,,29/09/2026 05:53
1bdf3997-cc93-49fb-bdcf-057c6b0cacf4,acetylene.exchange,available,12.99,38.99,medium,low,9,namesilo,,,17/09/2026 00:22
a84c8aa6-52b9-4758-ba3f-def8d9484818,kenalog.exchange,available,5.98,49.98,medium,low,7,namecheap,,,20/09/2026 05:49
d372ea2f-c558-46f7-8a5d-bf07c80bcc00,darcy.exchange,available,5.38,31.25,high,low,5,spaceship,,,30/09/2026 00:47
a2eb58fe-bd29-4344-98fc-14ae22163d19,basset.exchange,available,12.99,38.99,medium,low,6,namesilo,,,22/09/2026 12:10
4f8894d4-ec80-40d9-aeb3-d644da4d87bd,drenched.exchange,available,5.98,49.98,high,low,8,namecheap,,,14/08/2026 18:51
91f30de7-7f8e-472d-b992-796197f10804,medieval.exchange,available,5.98,49.98,high,low,8,namecheap,,,12/08/2026 06:12
b26c5e83-268d-4b85-a558-814c750e72a0,external.exchange,available,5.98,49.98,high,low,8,namecheap,,,17/08/2026 19:09
ef7aeaab-c49b-4ccc-9456-6ddfa89a56c1,noses.exchange,available,5.98,49.98,medium,low,5,namecheap,,,20/09/2026 03:44
9374248e-9196-44df-a7c2-249247e58ed3,stunner.exchange,available,5.98,49.98,high,low,7,namecheap,,,22/08/2026 16:40
1cfd979a-c411-40c8-b27a-af031c493fca,applicator.exchange,available,12.99,38.99,medium,low,10,namesilo,,,19/09/2026 21:55
12738451-3e0b-4fe3-867a-aedbef47857a,infatuated.exchange,available,5.98,49.98,high,low,10,namecheap,,,16/08/2026 21:11
4de24b0e-6455-4817-b473-73b61ac88920,crucify.exchange,available,5.98,49.98,medium,low,7,namecheap,,,14/08/2026 21:17
b1ace804-3840-40a7-b2cc-281380fc69a6,operated.exchange,available,10.99,,high,low,8,name.com,,,
3f730fd6-2020-41d6-ac6b-924f7b1ec8db,vocalists.exchange,available,12.99,38.99,medium,low,9,namesilo,,,19/09/2026 21:58
90818485-6384-4ea1-8508-dd32af9eaf59,bilimbi.exchange,available,12.99,38.99,medium,low,7,namesilo,,,21/09/2026 09:13
5b634608-69c5-4b2e-80f2-4e277261d0ff,neuter.exchange,available,5.98,49.98,medium,low,6,namecheap,,,03/09/2026 16:30
51abdd72-e741-4bed-b4a5-dc81592f0f52,dealing.exchange,available,12.99,38.99,high,low,7,namesilo,,,25/09/2026 04:50
bb486ae9-de3c-46c1-a85c-74ad6c877dae,ariana.exchange,available,12.99,38.99,high,low,6,namesilo,,,20/09/2026 05:10
3d953122-fc0a-43c4-b50f-515520f4f432,temptation.exchange,available,5.98,49.98,high,low,10,namecheap,,,28/09/2026 09:41
9c7734c0-b135-4a4b-9474-e4746e90dc82,embodiment.exchange,available,5.98,49.98,high,low,10,namecheap,,,21/09/2026 08:48
50f227e4-6bec-4bb7-a7ac-e930d37e160e,montagu.exchange,available,5.98,49.98,medium,low,7,namecheap,,,20/09/2026 13:56
e281064b-bcc6-4899-a227-9d24023cc7d3,watching.exchange,available,10.99,,high,low,8,name.com,,,
b3c0702f-49a5-4e3f-b665-f69c8940f5cf,vapid.exchange,available,5.98,49.98,medium,low,5,namecheap,,,10/08/2026 13:04
f9b58c32-5900-450a-b610-8a343694a1f9,blenheim.exchange,available,12.99,38.99,medium,low,8,namesilo,,,24/09/2026 05:52
e33eff91-13d0-4703-8a27-7326307191be,bratty.exchange,available,5.98,49.98,medium,low,6,namecheap,,,11/08/2026 02:37
36a55ac0-da9a-4233-b6d6-9cbbb814963e,filiform.exchange,available,5.98,49.98,medium,low,8,namecheap,,,18/08/2026 04:04
ee7fa442-bb9b-4437-bbd4-b78e63038498,uncreative.exchange,available,5.98,49.98,medium,low,10,namecheap,,,12/09/2026 06:24
ebf721d3-27c6-466e-9de8-615362f8cbe5,apes.exchange,available,12.99,38.99,medium,low,4,namesilo,,,29/09/2026 04:59
738a550c-1449-47ef-8ed8-a8fe37c3ae0a,negative.exchange,available,12.99,38.99,high,low,8,namesilo,,,24/09/2026 11:09
5abbdff9-0a11-4e06-9e27-674bf98bce94,hirsch.exchange,available,12.99,38.99,high,low,6,namesilo,,,27/09/2026 07:27
0e088e44-8951-4f24-ae17-28c24ce7064e,trouper.exchange,available,12.99,38.99,medium,low,7,namesilo,,,22/09/2026 06:54
1e91be94-62b9-4797-947f-1904cff1f5ad,mastered.exchange,available,5.98,49.98,high,low,8,namecheap,,,14/08/2026 17:35
9ebae6ea-a623-438a-bfb1-95c8194dbeb1,tenable.exchange,available,5.98,49.98,medium,low,7,namecheap,,,11/09/2026 11:08
d0a3682a-dea1-428d-87be-3ab50fd32336,incensed.exchange,available,5.98,49.98,medium,low,8,namecheap,,,22/08/2026 01:01
e5f7bb05-7c31-4f12-b129-14ef89de569d,airway.exchange,available,12.99,38.99,high,low,6,namesilo,,,17/09/2026 22:13
b7cbc032-ca37-4405-a66f-5ccdff4c982b,goes.exchange,available,5.98,49.98,high,low,4,namecheap,,,25/09/2026 16:38
2cef74b8-f4d5-4ef3-80f3-a8cae72f4835,ofc.exchange,available,5.38,31.25,high,low,3,spaceship,,,29/09/2026 03:35
4f929080-a627-46f0-936f-89f820d70a4e,molotov.exchange,available,12.99,38.99,high,low,7,namesilo,,,29/09/2026 13:28
b4a8c21c-7648-42a1-b57e-09d73e31746b,engaged.exchange,available,5.98,49.98,high,low,7,namecheap,,,10/08/2026 19:07
1074ad46-8e7e-4d58-a83a-71c916f76a96,kinder.exchange,premium,78.54,78.54,high,medium,6,namesilo,,,
b575fa52-8061-4458-9d13-192f19c40ccc,cheekbone.exchange,available,5.98,49.98,high,low,9,namecheap,,,13/09/2026 15:41
6aa92d26-9aad-4a16-8d67-117d7cdb4024,thusly.exchange,available,12.99,38.99,medium,low,6,namesilo,,,16/09/2026 09:04
df14335b-cb7e-41c5-84dd-2725100d7428,understands.exchange,available,12.99,38.99,high,low,11,namesilo,,,28/09/2026 00:05
a1626bda-0959-4229-86e5-ae53f4e0e7a5,swanky.exchange,available,5.98,49.98,high,low,6,namecheap,,,11/09/2026 05:15
8d04ccb0-f6f4-42bb-91f3-2890adf1ba63,seasoned.exchange,available,5.98,49.98,high,low,8,namecheap,,,10/09/2026 01:00
288f9384-46c9-40e0-837e-93abb9fd85e8,highlights.exchange,available,5.38,31.25,high,low,10,spaceship,,,29/09/2026 17:36
c0a841d2-6a01-465e-a023-3136cf750457,breaks.exchange,available,12.99,38.99,medium,low,6,namesilo,,,17/09/2026 22:04
05e623a3-d834-4674-bcd4-2433b6605170,pleasure.exchange,available,10.99,,high,low,8,name.com,,,
2425f422-de05-4455-9b24-5f271cbe299f,sicily.exchange,available,30.2,30.2,medium,low,6,cloudflare,,,28/09/2026 20:27
73f98080-98b4-4e55-bb65-dd81d1936d52,hadley.exchange,available,12.99,38.99,high,low,6,namesilo,,,27/09/2026 20:44
a63fd255-74a6-44f9-8dfe-07d43d3becce,bangles.exchange,available,5.98,49.98,medium,low,7,namecheap,,,20/09/2026 19:22
ff92c753-dc1e-48ca-8ea6-db4248574242,credulous.exchange,available,5.98,49.98,medium,low,9,namecheap,,,13/08/2026 05:56
be8b9f28-a018-4752-bdf5-5c484c3b75e5,jill.exchange,available,12.99,38.99,high,low,4,namesilo,,,25/09/2026 11:32
0dafda1a-744e-402f-b133-b1563cabc802,wrong.exchange,available,12.99,38.99,high,low,5,namesilo,,,25/09/2026 07:41
eca083e1-3936-4dd2-a531-cc040b3df6ee,cryptical.exchange,available,5.98,49.98,medium,low,9,namecheap,,,11/08/2026 12:19
ded62588-3161-4967-963c-37c426453c62,ppg.exchange,available,12.99,38.99,high,low,3,namesilo,,,29/09/2026 23:32
985adf31-bbce-49d0-8fb1-c43b5570fabf,agitation.exchange,available,5.98,49.98,medium,low,9,namecheap,,,17/09/2026 18:06
9cef634d-9e1b-4434-b325-06316681a9ea,dislocated.exchange,available,5.98,49.98,medium,low,10,namecheap,,,14/08/2026 11:31
684a6467-f98f-4c93-9e8a-93a0e6adf7ab,bath.exchange,available,5.38,31.25,high,low,4,spaceship,,,29/09/2026 01:30
4876f433-1b58-4243-a8c8-096b400600ef,hangbird.exchange,available,12.99,38.99,medium,low,8,namesilo,,,22/09/2026 00:20
48c7cc4b-2fea-4ccc-a998-037f319b1369,surpassing.exchange,available,5.98,49.98,high,low,10,namecheap,,,17/08/2026 16:03
8138e0ef-fee8-43d2-a956-5f7942814c5d,bearings.exchange,available,12.99,38.99,medium,low,8,namesilo,,,20/09/2026 03:51
bad8ed30-dba4-42e7-b9e1-e2f2d28a2a63,exultant.exchange,available,5.98,49.98,high,low,8,namecheap,,,17/08/2026 19:42
7ee9fc58-c8d9-45d6-aeaa-5ceade3b7ac2,hepworth.exchange,available,12.99,38.99,medium,low,8,namesilo,,,22/09/2026 04:23
a9c147f1-0fbf-4246-8b89-a9ace06a56e7,sulfuric.exchange,available,5.98,49.98,medium,low,8,namecheap,,,11/09/2026 01:29
27606c3c-4abd-44ff-85f5-5ade4c50a661,atomic.exchange,resell,,,high,medium,6,"Global Domains International, Inc. DBA DomainCostClub.com",23/12/2025 15:16,23/12/2026 15:16,26/09/2026 04:06
d92a2ecb-ba70-4fdb-a01c-6c955c910b66,carpal.exchange,available,5.98,49.98,high,low,6,namecheap,,,11/08/2026 19:34
b3e63188-697c-4c76-bcc3-1c6141acf636,connelly.exchange,available,30.2,30.2,medium,low,8,cloudflare,,,29/09/2026 04:23
87d7e05b-4236-4c6f-b292-62f5e1f0ad32,toupeed.exchange,available,5.98,49.98,low,low,7,namecheap,,,11/09/2026 18:18
6e09cb4b-8460-4dc0-8821-748a476f2894,whipping.exchange,available,5.98,49.98,medium,low,8,namecheap,,,22/08/2026 20:12
06014a14-b2b4-4d7d-9485-323ae98ab809,contents.exchange,available,6.18,31.41,high,low,8,porkbun,,,29/09/2026 11:23
e4e03469-ac3a-4e19-8d4d-eee422ac7264,chian.exchange,available,5.98,49.98,medium,low,5,namecheap,,,12/08/2026 04:34
939f04cc-fe89-43e5-98c8-e879fdba66a1,subsidized.exchange,available,5.98,49.98,medium,low,10,namecheap,,,11/09/2026 00:46
26714be3-911c-4959-b0dd-e99e69b104a0,algorism.exchange,available,12.99,38.99,medium,low,8,namesilo,,,18/09/2026 07:14
c45d7500-c899-41d2-99fa-93a17ccc1178,erotism.exchange,available,12.99,38.99,medium,low,7,namesilo,,,18/09/2026 16:15
0e0ed421-6428-480e-aedb-7e3eea02b1e6,parvenue.exchange,available,5.98,49.98,medium,low,8,namecheap,,,03/09/2026 22:16
716a3cc5-315e-442a-8138-513ebd137c27,reached.exchange,available,5.98,49.98,medium,low,7,namecheap,,,17/09/2026 19:16
b27dc64d-357a-4631-9d59-822f276b50cc,sentential.exchange,available,5.98,49.98,medium,low,10,namecheap,,,10/09/2026 03:50
f81706aa-8694-4c2d-aefa-5f20619e2757,exhausted.exchange,available,5.98,49.98,medium,low,9,namecheap,,,14/08/2026 14:43
904dcf61-2344-4c89-8afb-315606c8e6f2,hoping.exchange,available,12.99,38.99,high,low,6,namesilo,,,25/09/2026 11:50
e9b22a9b-28eb-485a-9d22-2c35ba7ee23b,infidel.exchange,available,5.98,49.98,medium,low,7,namecheap,,,18/08/2026 21:58
9f2ff864-7fbc-45a2-9034-cb4d6ff489c5,lifting.exchange,available,12.99,38.99,high,low,7,namesilo,,,28/09/2026 04:32
f907c988-ac1e-40e8-8709-9ec55089e49a,pakistani.exchange,available,5.98,49.98,high,low,9,namecheap,,,04/09/2026 23:13
3f42f2a9-46b3-4e05-b3a2-74430cc4a08a,battleship.exchange,available,12.99,38.99,high,low,10,namesilo,,,22/09/2026 16:29
99a316cb-3a23-4011-84fc-747dcfbf39e9,adjusted.exchange,available,5.98,49.98,high,low,8,namecheap,,,21/09/2026 18:42
6548e9a6-6761-4945-958b-c5b765b74650,astrocyte.exchange,available,5.98,49.98,medium,low,9,namecheap,,,20/09/2026 17:36
47f99208-ee8f-4761-81b7-c30f123ddcbd,scheming.exchange,available,5.98,49.98,medium,low,8,namecheap,,,11/08/2026 14:03
129504d7-575b-44c3-803b-153dbc0e28ab,parkin.exchange,available,12.99,38.99,medium,low,7,namesilo,,,17/09/2026 01:13
0bc92dde-e2dd-434f-9d5c-b64f4d12b463,burr.exchange,available,12.99,38.99,medium,low,4,namesilo,,,16/09/2026 13:29
927e8cfa-1dc9-40f7-88a9-36d7fa907768,yen.exchange,resell,,,high,low,3,,,,29/09/2026 07:09
7939c4b9-233d-4e50-9824-f5b8d6685df6,geniculate.exchange,available,5.98,49.98,medium,low,10,namecheap,,,18/08/2026 21:38
6c3375f0-2e6b-487f-89d1-f85df7828adc,hopkins.exchange,available,12.99,38.99,high,low,7,namesilo,,,19/09/2026 13:42
9412cc52-5a61-4419-8ea5-42c35dc319d2,angioma.exchange,available,12.99,38.99,medium,low,7,namesilo,,,19/09/2026 06:14
4d0317c4-0c1e-45da-9356-5fa2a8c45e40,drowning.exchange,available,5.38,31.25,medium,low,8,spaceship,,,27/09/2026 17:38
467e0dd6-12e3-46b3-ae75-ef18a1fecc6b,transposed.exchange,available,5.98,49.98,medium,low,10,namecheap,,,11/09/2026 18:59
6ae24fd5-0e4e-4db8-8e18-c00b66b1fdb3,unhampered.exchange,available,5.98,49.98,medium,low,10,namecheap,,,12/09/2026 11:51
001db7de-e0ed-4901-8f8a-dedd0198b42a,syntactic.exchange,available,5.98,49.98,high,low,9,namecheap,,,11/09/2026 06:39
94fa1ef1-b459-457d-b9ae-be3e783d8650,acorus.exchange,available,12.99,38.99,medium,low,6,namesilo,,,17/09/2026 02:25
6fbee941-4926-4e10-9f31-814ee2495888,ductless.exchange,available,5.98,49.98,medium,low,8,namecheap,,,14/08/2026 20:54
df8e799d-9b22-4f27-94f8-c3bb2685d674,gamey.exchange,available,5.98,49.98,medium,low,5,namecheap,,,18/08/2026 19:57
cedb6a63-6f32-40ae-8856-44e47ae91e30,andersen.exchange,available,5.98,49.98,high,low,8,namecheap,,,19/09/2026 04:01
1b3d209c-9e4f-40b4-ba4c-9760cde5b274,determined.exchange,available,12.99,38.99,high,low,10,namesilo,,,24/09/2026 07:38
3d406cd7-1ea1-4c53-a99e-37fc58c66511,referee.exchange,available,5.98,49.98,high,low,7,namecheap,,,28/09/2026 10:49
916b9420-66c2-4f3a-a3a1-d063d5ca8140,rudderless.exchange,available,5.98,49.98,medium,low,10,namecheap,,,
adf52438-7f6d-4ecd-b01d-19e0d620feea,hourlong.exchange,available,5.98,49.98,medium,low,8,namecheap,,,21/08/2026 14:22
d49b8b85-c74e-4a4d-bca2-ed4957a1b8ae,alloyed.exchange,available,5.98,49.98,high,low,7,namecheap,,,
4a6d199b-de36-4880-87ba-8fce5713e03a,revisions.exchange,available,12.99,38.99,medium,low,9,namesilo,,,20/09/2026 05:28
87791341-5252-4ab0-aff8-007aa027f700,zend.exchange,available,5.98,49.98,medium,low,4,namecheap,,,07/08/2026 23:12
bf961704-f2cf-46f8-be9e-8d9b5fa82a66,travelling.exchange,available,10.99,,high,low,10,name.com,,,
176e98b2-d778-439f-a0bc-280e06ec2f4c,subtitles.exchange,available,5.38,31.25,medium,low,9,spaceship,,,28/09/2026 18:07
8b0011d1-9512-4295-8dbf-48feb34002b1,sequester.exchange,available,5.98,49.98,high,low,9,namecheap,,,12/08/2026 21:06
2811961e-a498-4ff9-b837-1fbb6ca668ed,angler.exchange,available,12.99,38.99,high,low,6,namesilo,,,18/09/2026 11:39
9a1c6aa7-6bf1-4fe1-9490-eaa11aacee1a,theobald.exchange,available,5.38,31.25,medium,low,8,spaceship,,,29/09/2026 15:20
6d2a5667-2135-4762-8a97-43d25d3a55d3,educative.exchange,available,5.98,49.98,high,low,9,namecheap,,,15/08/2026 11:09
97f3d1a3-26fa-4285-bbaf-8b86d536aae9,replacing.exchange,available,5.98,49.98,high,low,9,namecheap,,,29/09/2026 02:02
0c53714e-a4ae-465b-ba25-e3cf46924981,screwing.exchange,available,5.98,49.98,medium,low,8,namecheap,,,18/08/2026 17:28
6e390910-75c4-4fcf-903c-fa2b14a8b1b5,xii.exchange,premium,38.94,38.94,high,low,3,namesilo,,,21/09/2026 11:25
5525f436-e62d-49f0-acde-5ed0f1eec677,clinic.exchange,premium,118.8,118.8,high,low,6,namesilo,,,29/09/2026 10:07
fc698178-fb8e-42ec-8d5d-0e4032abe2a1,flickering.exchange,available,5.98,49.98,high,low,10,namecheap,,,
814cfb36-a0ac-4d70-9ab7-6b88dc4272ba,desolation.exchange,available,5.98,49.98,medium,low,10,namecheap,,,22/09/2026 05:24
2b50d68a-2379-4dbd-b537-9e2268636fdd,slew.exchange,available,5.98,49.98,high,low,4,namecheap,,,25/08/2026 00:42
ec59a04f-e977-48c6-8d82-d5ece5b3ee66,afferent.exchange,available,5.98,49.98,high,low,8,namecheap,,,
2e58f5b0-f8ce-4572-8deb-2c0427644d77,disposable.exchange,available,5.98,49.98,high,low,10,namecheap,,,14/08/2026 12:03
8987a3c9-866b-4da7-abd4-0973c1cae15f,checkroom.exchange,available,12.99,38.99,medium,low,9,namesilo,,,24/09/2026 14:04
93df72e4-d095-4cf0-b5a8-f961730c6a49,police.exchange,available,30.2,30.2,high,low,6,cloudflare,,,29/09/2026 11:14
11ccc3ee-2ea9-480d-b860-5c13fe673e56,finite.exchange,available,5.98,49.98,high,low,6,namecheap,,,18/08/2026 05:02
ce54d36c-5ca3-4434-aa49-bf05617428db,bailey.exchange,available,10.99,50.99,high,low,6,name.com,,,21/09/2026 19:05
73a3ea33-03e2-408d-8d3d-ca4fdcb7f14c,fleecy.exchange,available,5.98,49.98,medium,low,6,namecheap,,,18/08/2026 07:42
c68d2cd4-2e05-4706-ac0f-5d2a3dab35cf,recreate.exchange,available,12.99,38.99,high,low,8,namesilo,,,24/09/2026 14:10
07d83b44-f301-47fb-9c50-8ae6b435ad82,drapes.exchange,available,12.99,38.99,high,low,6,namesilo,,,17/09/2026 07:49
87770824-7d3b-43b6-b6ca-8b9ec4fe9927,sixty.exchange,available,5.98,49.98,high,low,5,namecheap,,,
99b92561-2ba6-4839-ac57-df36bb8a039e,educate.exchange,available,12,38.99,high,low,7,unstoppable,,,29/09/2026 14:27
97701021-2cc3-4495-93d8-3ec804901780,marooned.exchange,available,12.99,38.99,medium,low,8,namesilo,,,25/09/2026 16:58
0ef8e53b-c0a9-4b8d-b2a3-bf176f76e7de,atkins.exchange,available,12.99,38.99,high,low,6,namesilo,,,25/09/2026 17:28
584db1e6-ba55-45d1-b385-65c5ce302658,threepenny.exchange,available,5.98,49.98,high,low,10,namecheap,,,10/09/2026 09:08
57a5f364-fa4d-4715-bbba-f06f21d4f0fe,toothsome.exchange,available,5.98,49.98,medium,low,9,namecheap,,,14/08/2026 00:24
431fb239-04c6-4afa-ba6a-aa650b16bac6,alcoholics.exchange,available,12.99,38.99,low,low,10,namesilo,,,18/09/2026 22:27
4d7c4b34-b91e-435c-8ca5-89a65062a2ed,hamburger.exchange,available,6.1,32.21,high,low,9,dynadot,,,29/09/2026 01:50
98ba8e27-55f9-4a77-886d-f37d155d8eda,beard.exchange,available,5.98,49.98,high,low,5,namecheap,,,22/09/2026 21:01
1e252810-6a2c-4401-a0e5-4bcca3d9e9bd,greenville.exchange,available,12.99,38.99,high,low,10,namesilo,,,25/09/2026 06:42
56f74545-da13-4f45-b0ee-5c322b9f2414,dma.exchange,premium,38.94,38.94,high,low,3,namesilo,,,29/09/2026 21:51
71c909b0-c490-4f63-a23a-3a0b8e05c26f,wakening.exchange,available,5.38,31.25,high,low,8,spaceship,,,28/09/2026 23:37
9db23b54-c6c5-4801-92a4-e669ed3efe98,terrence.exchange,available,5.98,49.98,medium,low,8,namecheap,,,29/09/2026 21:50
8c4c53c1-0d7d-4c98-b037-93d674b63b08,explains.exchange,available,5.98,49.98,medium,low,8,namecheap,,,19/09/2026 21:05
59f31a10-25b9-42bc-9ddb-99a9825e808d,nickelodeon.exchange,available,10.99,,high,low,11,name.com,,,
245014bb-59b3-474d-a761-1f92addf55ca,squalls.exchange,available,12.99,38.99,low,low,7,namesilo,,,20/09/2026 14:16
9e8c9728-6ff3-4aed-ab4b-e05c38adef3e,absolutist.exchange,available,5.98,49.98,high,low,10,namecheap,,,
1c70e4fb-ff76-4cc5-a451-97baf98eda35,outwear.exchange,available,5.98,49.98,medium,low,7,namecheap,,,13/09/2026 09:15
bbbdc1aa-a422-4243-bc78-f6d09acbcfc2,lovers.exchange,available,12.99,38.99,high,low,6,namesilo,,,27/09/2026 02:55
35700cb9-5dd8-4621-af54-1186ffc3ba6c,unveiled.exchange,available,5.98,49.98,high,low,8,namecheap,,,12/09/2026 22:05
f0c0301e-f417-4a43-8c5a-fdb6d8704b37,barney.exchange,available,5.38,31.25,high,low,6,spaceship,,,29/09/2026 21:21
ef2d0421-da76-4492-8a2b-50da565d00f9,acerose.exchange,available,5.98,49.98,medium,low,7,namecheap,,,
e36828d1-4d81-464f-a00e-1da37d8757e3,snowballs.exchange,available,12.99,38.99,medium,low,9,namesilo,,,19/09/2026 21:49
1cbb109b-7e8c-45ae-b550-591ed74ee0bb,weathered.exchange,available,5.98,49.98,high,low,9,namecheap,,,13/09/2026 09:21
97598459-d849-434c-a746-fea0398348f4,noncurrent.exchange,available,5.98,49.98,medium,low,10,namecheap,,,03/09/2026 19:01
7fbb9697-fd94-4bae-8977-a9e171e5bf12,winkle.exchange,available,5.98,49.98,medium,low,6,namecheap,,,18/08/2026 06:48
03c530a6-e434-4560-b312-7f1bfca4a6e1,sixpenny.exchange,available,5.98,49.98,high,low,8,namecheap,,,10/09/2026 09:06
31ef1f62-b216-4408-964a-91f896a6a7ba,concretely.exchange,available,5.98,49.98,medium,low,10,namecheap,,,14/09/2026 08:12
95988383-7c4a-4f77-a6dd-360dd1fed47c,pitt.exchange,available,12.99,38.99,high,low,4,namesilo,,,25/09/2026 06:04
4ae01f29-b86b-4d7c-96b3-16587b217b49,hatched.exchange,available,5.98,49.98,high,low,7,namecheap,,,13/08/2026 08:20
a51418fd-ef08-464a-a7a9-9dfed7ee6c46,nazi.exchange,available,5.98,49.98,high,low,4,namecheap,,,03/09/2026 13:40
3b396199-f003-46cb-a434-617894b0c8be,roofless.exchange,available,5.98,49.98,medium,low,8,namecheap,,,14/08/2026 12:09
d61062f6-c712-4579-896b-3320023fa877,coruscant.exchange,available,5.98,49.98,medium,low,9,namecheap,,,
b26100d7-2a22-425c-a0d2-04b236d5cc35,lissom.exchange,available,5.98,49.98,medium,low,6,namecheap,,,23/08/2026 23:41
3713590b-9789-4852-a214-f2477e306e93,bifocals.exchange,available,12.99,38.99,high,low,8,namesilo,,,23/09/2026 13:53
efbb0112-8f6d-4fb2-b230-e166d0cae633,ravenna.exchange,available,12.99,38.99,medium,low,7,namesilo,,,22/09/2026 15:51
aab8c84a-7975-4243-804f-92aa53e14896,lectures.exchange,available,12.99,38.99,low,low,8,namesilo,,,29/09/2026 05:25
8be7c972-9963-405d-9923-b295a542d82a,actively.exchange,available,5.38,31.25,high,low,8,spaceship,,,28/09/2026 11:44
11c2d11b-ec35-444a-9226-f32f8a3f75db,complaint.exchange,available,12.99,38.99,high,low,9,namesilo,,,25/09/2026 07:37
0859b798-1ea1-47b8-af5c-3ebe30764267,framing.exchange,available,12.99,38.99,high,low,7,namesilo,,,29/09/2026 01:00
b73d0e65-a1de-4567-90ce-5c96a87e02fb,perforated.exchange,available,5.98,49.98,high,low,10,namecheap,,,08/09/2026 16:52
0ceb9d91-deeb-443e-a6df-8f845c1256c9,governance.exchange,resell,,,high,low,10,Devexpanse Ltd d/b/a Regery.com,20/12/2025 03:22,20/12/2026 03:22,26/09/2026 06:27
df1fd4d0-8222-484c-8660-b2874aeaa078,cadillac.exchange,available,10.99,,high,low,8,name.com,,,
24afa224-a7f6-4f89-ba3e-a0a47aecfd0b,sterling.exchange,premium,128.7,128.7,high,low,8,namecheap,,,10/09/2026 20:14
95eb82ce-e4fa-4b09-a04f-c3abf37f7bd3,seriatim.exchange,available,5.98,49.98,medium,low,8,namecheap,,,16/09/2026 01:10
e0b33228-5450-4672-9301-7de24d12a80b,bpm.exchange,available,12.99,38.99,high,low,3,namesilo,,,22/09/2026 21:53
e411a9b0-d030-4489-9b38-7fc2d6ec7b74,esthetic.exchange,available,5.98,49.98,high,low,8,namecheap,,,21/09/2026 21:16
dd9746a3-5c57-4097-9caa-e7c54736b279,tropical.exchange,available,5.98,49.98,high,low,8,namecheap,,,11/09/2026 20:24
daae6c32-0094-4bac-a200-ad9b88f7a7af,exposit.exchange,available,5.98,49.98,medium,low,7,namecheap,,,15/08/2026 23:47
17bdf346-16e5-46d4-a51a-ed2fcfd9eca0,frequent.exchange,available,5.98,49.98,high,low,8,namecheap,,,18/08/2026 15:06
7d6eb38b-c5e7-49f0-ad25-394c2bb55154,appliance.exchange,premium,78.54,78.54,high,low,9,namesilo,,,19/09/2026 21:44
4c3cec9f-2170-472c-bfdb-8be037b2616e,autochthon.exchange,available,10.99,50.99,medium,low,10,name.com,,,21/09/2026 06:02
6f93b9fb-88ca-40d2-99d1-808c8f0915f7,rivers.exchange,available,30.2,30.2,high,low,6,cloudflare,,,28/09/2026 08:05
839ebd5f-e6d1-40c0-ba85-c64ad6c11857,toothcare.exchange,available,10.99,,medium,low,9,name.com,,,
b7a2e030-d194-44f1-b99e-5816eb6a3b75,expressing.exchange,available,12,,medium,low,10,unstoppable,,,29/09/2026 05:05
feb37010-40f2-425b-8fae-3bd1a2e416bc,movable.exchange,available,5.98,49.98,high,low,7,namecheap,,,25/08/2026 08:56
d0c1e248-8fc9-42e9-82d6-7befaa4fc14e,emily.exchange,available,12.99,38.99,high,medium,5,namesilo,,,25/09/2026 14:07
37e94438-3b7b-4440-884e-d44758402aac,alpine.exchange,available,,,high,medium,6,,,,
697547a2-bf0b-43f7-abb7-bdcee753f821,tufted.exchange,available,5.98,49.98,medium,low,6,namecheap,,,11/08/2026 13:14
e00db8d3-2245-41b9-a93a-d16ea612a825,wind.exchange,resell,49.98,,high,low,4,"Sav.com, LLC",22/02/2026 08:20,22/02/2027 08:20,28/09/2026 10:39
a46ea5cb-f19a-43c3-bce7-9c046898023f,person.exchange,available,5.98,49.98,high,low,6,namecheap,,,25/09/2026 09:11
8e9e211e-1e7b-4b54-865f-d2dda883501f,bubbly.exchange,available,5.98,49.98,high,low,6,namecheap,,,11/08/2026 07:16
67283b6f-f2da-4256-816d-2b1d51cfa439,lucille.exchange,available,12.99,38.99,medium,low,7,namesilo,,,28/09/2026 21:59
bc37a79f-74b2-4890-ab51-17e549c01dfa,optimized.exchange,available,5.98,49.98,high,low,9,namecheap,,,27/09/2026 22:29
95692e1b-3618-45b3-9497-1e591317e81d,allsorts.exchange,available,5.98,49.98,low,low,9,namecheap,,,16/09/2026 05:53
844784b1-666c-44c2-8f0e-a1afce566184,rock.exchange,premium,78.54,78.54,high,low,4,namesilo,,,28/09/2026 00:59
a0f69fb2-f67b-4f37-9676-418ff8f467ee,healey.exchange,available,5.38,31.25,medium,low,6,spaceship,,,29/09/2026 04:32
515c747f-e82f-4708-bd0d-da1e8beb75ce,reminder.exchange,available,5.98,49.98,high,low,8,namecheap,,,28/09/2026 18:51
e5712613-a71f-4764-acb4-b02162f254ee,looked.exchange,available,5.98,49.98,high,low,6,namecheap,,,18/09/2026 11:20
d361e1ad-5c8c-40ee-84f6-5726d732df5f,applesauce.exchange,available,5.98,49.98,high,low,10,namecheap,,,19/09/2026 21:26
cd93a3e8-e9ed-4b86-98db-d790513d2a96,vague.exchange,available,12.99,38.99,high,low,5,namesilo,,,25/09/2026 23:34
59f56992-3602-4e35-b946-912955a0828f,polymeric.exchange,available,5.98,49.98,medium,low,9,namecheap,,,08/09/2026 23:25
0787413e-0538-45e5-9e6a-a85295d0d160,bluster.exchange,available,5.98,49.98,medium,low,7,namecheap,,,11/08/2026 01:07
3ca9f80a-f620-44c4-a6a2-0de9efb66c98,begotten.exchange,available,5.98,49.98,medium,low,8,namecheap,,,09/08/2026 09:11
f7868bf1-ac0f-4b76-8609-2c0c33ed7e83,achievable.exchange,available,12.99,38.99,high,low,10,namesilo,,,21/09/2026 15:42
c192fa88-1818-4b23-8054-071cfb13441c,outlawed.exchange,available,5.98,49.98,medium,low,8,namecheap,,,21/08/2026 19:52
49fba673-a970-4dc7-b841-1d335e05413e,cultures.exchange,resell,,,medium,low,8,,,,28/09/2026 23:32
70db6824-6078-48c1-90d4-2a45542aef22,levy.exchange,available,12.99,38.99,high,low,4,namesilo,,,30/09/2026 02:08
331c6c96-ab0e-4e42-9379-17221435ddfa,program.exchange,premium,118.8,118.8,high,low,7,namesilo,,,24/09/2026 17:00
7bcdc5d6-596f-4c85-b531-46c4f7635628,decadent.exchange,available,5.98,49.98,high,low,8,namecheap,,,13/08/2026 20:50
357155bd-a25c-48f6-bc30-558f9b1fe136,harmonious.exchange,available,5.98,49.98,high,low,10,namecheap,,,21/08/2026 01:03
7519f3a3-3aa6-44cc-ba1f-d5eeac3e8efa,genitive.exchange,available,5.98,49.98,medium,low,8,namecheap,,,18/08/2026 21:46
b09a784a-4eca-4bf4-999d-a7914d533c8d,mellow.exchange,available,5.98,49.98,high,low,6,namecheap,,,22/08/2026 18:52
84df8535-1a3e-4e3a-b28f-16c1328ab3f9,minden.exchange,available,12.99,38.99,medium,low,6,namesilo,,,22/09/2026 15:29
a25307b4-6d20-4b78-bb7d-afd29c8625e1,selection.exchange,available,12.99,38.99,high,low,9,namesilo,,,28/09/2026 07:48
064d6d16-c409-40af-901f-22c50e773de4,constitute.exchange,available,6.18,31.41,high,low,10,porkbun,,,29/09/2026 13:09
50fbae48-c262-4661-9944-e952ca7fb764,tristan.exchange,available,12.99,38.99,high,low,7,namesilo,,,29/09/2026 08:15
724dfdb6-8098-42b3-9f5d-a3a2867f96a9,angelique.exchange,available,12.99,38.99,high,low,9,namesilo,,,19/09/2026 05:58
a06f857b-777a-4186-a321-d2a6f6861118,mystically.exchange,available,5.98,49.98,medium,low,10,namecheap,,,15/09/2026 15:58
0e576f42-8691-43e0-879e-1dbe68d0ab42,privily.exchange,available,5.98,49.98,medium,low,7,namecheap,,,15/09/2026 21:31
bc9b8dff-999f-4ccf-9331-a22b54bf8895,baas.exchange,available,5.98,49.98,high,low,4,namecheap,,,21/09/2026 12:09
2bb4955a-1c95-4aef-b1a6-d3bdf65f8609,hoboken.exchange,available,12.99,38.99,medium,low,7,namesilo,,,28/09/2026 12:26
bd25b5b2-88d2-43c0-93ab-18a76e307027,almandine.exchange,available,12.99,38.99,medium,low,9,namesilo,,,18/09/2026 12:29
dbb3d30c-e0e9-48c6-af61-7f6ad85fddb1,painted.exchange,available,12.99,38.99,high,low,7,namesilo,,,25/09/2026 23:19
555257f7-669d-4330-83f5-7674e6d501cc,oppression.exchange,available,12,,medium,low,10,unstoppable,,,29/09/2026 13:36
d751cc81-73a8-486d-99cd-15a55fb43f20,marches.exchange,available,12.99,38.99,medium,low,7,namesilo,,,29/09/2026 19:38
3c39ae7c-ab1b-4cfe-9fba-0bc272b5ee7a,ney.exchange,available,30.2,30.2,medium,low,3,cloudflare,,,29/09/2026 12:06
6a191212-51a1-452a-89f0-4982b143a15e,vents.exchange,available,12.99,38.99,medium,low,5,namesilo,,,21/09/2026 06:42
061e89be-7ae7-4873-b3fd-36b35a873a78,frugal.exchange,premium,78.54,78.54,high,low,6,namesilo,,,18/08/2026 16:57
b0197f96-c621-41f8-99d4-7fd6f85d6294,pritchard.exchange,available,12.99,38.99,medium,low,9,namesilo,,,28/09/2026 12:14
f266ad1f-5b37-4407-bd52-46e34bcf5890,personals.exchange,available,5.98,49.98,medium,low,9,namecheap,,,08/09/2026 05:02
c3c92cb9-475b-44eb-9fdf-2f718071eaf4,capsule.exchange,available,5.38,31.25,high,low,7,spaceship,,,28/09/2026 05:53
12f37c51-7fc1-43b4-b8ad-9ba91996ea71,seasonal.exchange,available,5.98,49.98,high,low,8,namecheap,,,10/09/2026 00:58
12edacf3-89e8-46c3-b2a7-bd4c61fe28d9,bonhomie.exchange,available,12.99,38.99,high,low,8,namesilo,,,17/09/2026 13:57
4246e71f-d730-4e19-84ea-202149b28df4,isla.exchange,available,12.99,38.99,high,low,4,namesilo,,,28/09/2026 16:31
2210297b-18d9-44ac-9172-8ac9097a871d,molding.exchange,available,5.98,49.98,high,low,7,namecheap,,,24/09/2026 15:24
3fbd2e6e-0f19-442c-b323-d13d27209732,carboxylic.exchange,available,5.98,49.98,medium,low,10,namecheap,,,11/08/2026 18:46
4617756c-d7be-44b0-9cc0-4be5a2a86a48,emblematic.exchange,available,5.98,49.98,high,low,10,namecheap,,,16/08/2026 09:29
a878a56d-8c02-4367-b198-9d5167af6621,transports.exchange,available,12.99,38.99,medium,low,10,namesilo,,,20/09/2026 13:26
5eda92fc-a081-43eb-9634-3a364800fb22,ignitable.exchange,available,5.98,49.98,medium,low,9,namecheap,,,11/08/2026 10:46
67f57d24-32be-4514-9635-d295a554b6a7,fourteenth.exchange,available,5.98,49.98,high,low,10,namecheap,,,
1e8d6381-4803-4899-b017-c46fe25ce11d,nun.exchange,premium,66.5,78.54,high,low,3,unstoppable,,,29/09/2026 11:00
fa4b2a4e-adf8-4738-a853-7a4320300da5,transmissions.exchange,available,30.2,30.2,medium,low,13,cloudflare,,,29/09/2026 17:50
6c0f32d3-b74c-4d8d-a6a6-7ceefdbbf27b,lock.exchange,available,12.99,38.99,high,low,4,namesilo,,,29/09/2026 23:33
8afc8bc5-c7e6-47a7-9ef1-60b7f056b688,ratty.exchange,available,5.98,49.98,medium,low,5,namecheap,,,25/08/2026 06:53
16712be3-1a8a-4d07-913b-66c8b7b86b8c,piebald.exchange,available,5.98,49.98,medium,low,7,namecheap,,,03/09/2026 10:37
faccffb3-e83c-49a9-9f3e-27f94e49afb6,improved.exchange,available,5.98,49.98,high,low,8,namecheap,,,21/08/2026 23:15
9a0e31db-4911-4685-a179-209a7c7eaf13,cleaning.exchange,premium,118.8,118.8,high,low,8,namesilo,,,12/08/2026 10:25
10299ab4-7783-4fd2-a8a4-641cf0e1437a,tuesday.exchange,available,10.99,,high,low,7,name.com,,,
3668cfdc-5894-4c15-9316-19a4b96a343f,minsk.exchange,available,6.1,32.21,high,low,5,dynadot,,,28/09/2026 05:24
54724dc0-0cef-49ed-bbfb-c0407adbf407,bounded.exchange,available,5.98,49.98,medium,low,7,namecheap,,,10/08/2026 21:52
409b839d-eeff-4e6a-a465-12e9b23146a0,knockout.exchange,available,12.99,38.99,medium,low,8,namesilo,,,29/09/2026 04:50
be52ab9b-5623-43c3-a1ee-c88b2e3379c2,epizoon.exchange,available,5.98,49.98,medium,low,7,namecheap,,,15/08/2026 00:52
f1cfd4b9-79bd-4c4b-883a-d9515a2507b5,billie.exchange,available,12.99,38.99,medium,low,6,namesilo,,,28/09/2026 07:55
70833d97-3c80-4cef-94b2-cff8374844bb,wine.exchange,resell,,,high,low,4,Dynadot Inc,08/01/2025 17:00,08/01/2027 17:00,26/09/2026 10:10
f27ade72-bb07-4ffb-9686-087668a8dee6,projector.exchange,available,5.38,31.25,high,low,9,spaceship,,,29/09/2026 20:04
1f654db1-2b61-4ee1-88b8-d2421f49d51d,deist.exchange,available,5.98,49.98,medium,low,5,namecheap,,,14/08/2026 00:15
8521de97-4817-4d97-aaed-9f655f652f67,hazy.exchange,available,5.98,49.98,high,low,4,namecheap,,,10/08/2026 16:22
98687caa-5bbe-45ca-a7a7-6514badee4e9,anonymity.exchange,available,5.98,49.98,high,low,9,namecheap,,,19/09/2026 11:38
e9cc2c3d-8de8-4c25-88a5-c8c0e92d898f,colourless.exchange,available,5.98,49.98,medium,low,10,namecheap,,,12/08/2026 17:55
0f98bbd4-8dd5-4204-bff1-9814180c5429,summertime.exchange,available,12.99,38.99,high,low,11,namesilo,,,18/09/2026 00:39
713a853d-d5a4-4e4a-b869-c11c954bc462,areca.exchange,available,5.98,49.98,medium,low,5,namecheap,,,20/09/2026 03:25
6221245b-e344-4a55-be2d-709f0eb585cd,congruous.exchange,available,5.98,49.98,medium,low,9,namecheap,,,12/08/2026 21:56
014ef52a-6975-4166-8215-d292898af905,canberra.exchange,available,12.99,38.99,high,low,8,namesilo,,,21/09/2026 04:47
4a2aa20a-1e7d-4ff7-91bb-a54c9e845c32,governor.exchange,available,12.99,38.99,high,low,8,namesilo,,,27/09/2026 04:15
126463f2-83a6-41aa-88a4-4bfb0de2cd61,creaseless.exchange,available,5.98,49.98,medium,low,10,namecheap,,,13/08/2026 05:47
be7d32c1-772f-4074-a639-0f7877db2eca,regiment.exchange,available,5.38,31.25,medium,low,8,spaceship,,,28/09/2026 20:17
2986ecc7-775c-4ca9-8e44-6a996a0424a9,grenville.exchange,available,5.38,31.25,medium,low,9,spaceship,,,29/09/2026 04:31
531e42cf-5e0d-4935-8eb1-a5709b26a84b,eastside.exchange,available,5.98,49.98,high,low,8,namecheap,,,14/08/2026 22:58
ca2bcf45-09d7-4607-90ba-2bedcb94e582,sprucely.exchange,available,5.98,49.98,medium,low,8,namecheap,,,15/09/2026 15:17
22f71246-33c9-4c4e-a9b1-805d97adc51e,arden.exchange,available,30.2,30.2,medium,low,5,cloudflare,,,28/09/2026 12:17
048bcaab-addd-4c14-9f9c-e0b18555b6a8,viet.exchange,available,12.99,38.99,high,low,4,namesilo,,,27/09/2026 07:07
4e517788-48cf-489e-a725-6abf853e1aa4,dared.exchange,available,5.98,49.98,medium,low,5,namecheap,,,29/09/2026 16:49
29803c8c-ae48-4dbc-8481-71ccbc098b7f,searching.exchange,available,12.99,38.99,high,low,9,namesilo,,,25/09/2026 09:44
faaccc04-3a63-4778-b024-52997661915c,annulate.exchange,available,5.98,49.98,high,low,8,namecheap,,,
a13ef3c1-3c61-46b2-b6ea-877e3f6568d4,anklet.exchange,available,12.99,38.99,high,low,6,namesilo,,,19/09/2026 09:41
26c343db-a0e3-499b-ab55-f233fc8bf3f9,und.exchange,premium,78.54,78.54,high,low,3,namesilo,,,25/09/2026 11:22
57990e97-0f14-4852-b830-7ccb49c9edd0,toscanini.exchange,available,12.99,38.99,high,low,9,namesilo,,,20/09/2026 12:05
5c76b3b2-bee7-4bf0-9d66-9696a7f18f68,bandage.exchange,available,12.99,38.99,high,low,7,namesilo,,,22/09/2026 00:52
e5e1b644-bc3b-4ac9-94a4-915f1c3e0fff,uut.exchange,available,12.99,38.99,medium,low,3,namesilo,,,20/09/2026 22:17
2caa3014-d077-47fe-8de6-6c97cd3768a7,noted.exchange,available,5.98,49.98,high,low,5,namecheap,,,11/08/2026 23:17
1029be0c-ec33-4a90-9ee9-778e60b9278c,obamacare.exchange,available,10.99,,medium,low,10,name.com,,,
16e8de18-164c-4538-917d-a369d948845e,balthazar.exchange,available,12.99,38.99,high,low,9,namesilo,,,22/09/2026 00:14
5e5c5ea1-c705-4912-958e-2c521e8bb7ef,natty.exchange,available,10.99,50.99,medium,low,5,name.com,,,13/08/2026 17:29
9115f974-cf79-43b6-81dc-6a1f3ba2a1b5,anhydrous.exchange,available,5.98,49.98,medium,low,9,namecheap,,,
d8f08007-a7f6-4d19-aa9d-688ecab24274,jutland.exchange,available,12.99,38.99,medium,low,7,namesilo,,,22/09/2026 15:18
cb6590f8-7edf-452c-bd91-c87ea60b2fcd,beda.exchange,available,12.99,38.99,high,low,4,namesilo,,,21/09/2026 17:20
2e9a3159-6913-4cfa-8a57-6c3a0f5f1065,counselling.exchange,available,12.99,38.99,high,low,11,namesilo,,,17/09/2026 12:13
2ac18d6e-3a2c-4b70-b5ce-c80522c0fdc4,ecosystem.exchange,available,12.99,38.99,high,low,9,namesilo,,,28/09/2026 02:43
f607e0c5-e2c8-40d3-965e-b83a84fd1363,butterball.exchange,available,5.98,49.98,medium,low,10,namecheap,,,17/08/2026 23:59
25bb8c9e-f4b7-4ed0-b99c-af0b948cf30b,achieved.exchange,available,12.99,38.99,high,low,8,namesilo,,,28/09/2026 12:45
852a9ed7-0fc2-45f3-bae7-c61522453d9f,reviving.exchange,available,5.98,49.98,high,low,8,namecheap,,,09/09/2026 14:08
b2ebe96d-8998-47fe-89eb-a292228eedae,wifely.exchange,available,5.98,49.98,medium,low,6,namecheap,,,13/09/2026 00:27
8f66e528-ddbd-4eca-bc95-08d3fef41e70,scorch.exchange,available,5.98,49.98,high,low,6,namecheap,,,10/09/2026 00:51
a162f475-cd0d-46be-82cd-3037a92c708d,assigned.exchange,available,5.98,49.98,medium,low,8,namecheap,,,07/08/2026 06:35
39ed6f4a-54b5-40bb-9c3c-a069d694f015,rhomboidal.exchange,available,5.98,49.98,medium,low,10,namecheap,,,09/09/2026 16:49
bcceb95f-af70-4d78-9cd4-6f4851445369,calculated.exchange,available,5.98,49.98,high,low,10,namecheap,,,11/08/2026 13:58
24451898-e547-4db9-bf9a-eccd430ddd93,satiate.exchange,available,5.98,49.98,high,low,7,namecheap,,,09/09/2026 14:28
bc1ee5e4-ca3c-4b92-a0e8-8eab48a1f82e,vivaldi.exchange,available,12.99,38.99,medium,low,7,namesilo,,,19/09/2026 15:40
38b61f60-6af9-4228-a660-32f165976ed0,lisboa.exchange,premium,78.54,78.54,high,low,6,namesilo,,,29/09/2026 06:47
30128695-7dea-4c99-bb4e-4ad42d402d8a,aerie.exchange,available,,,high,medium,5,,,,
9986f476-844d-4d4c-b635-3a3c4ec22dab,acorea.exchange,available,12.99,38.99,medium,low,6,namesilo,,,17/09/2026 02:12
4e1e4963-ee71-45fc-9a75-b0b3a2ddcd8f,potbelly.exchange,available,5.98,49.98,high,low,8,namecheap,,,22/09/2026 17:43
85ea9926-7115-4f04-b4f4-cef1b4d86445,letting.exchange,available,5.98,49.98,high,low,7,namecheap,,,09/09/2026 14:21
a3ba8bd4-ad82-402c-a46c-f2d4993f4c6a,malcontent.exchange,available,5.98,49.98,medium,low,10,namecheap,,,14/08/2026 09:23
b6ef59ee-99d4-4c21-9237-8f3e7cf2cc57,signing.exchange,available,12.99,38.99,high,low,7,namesilo,,,27/09/2026 05:19
0fe34401-a6fb-4bb9-b5d7-82845b233469,finding.exchange,available,12.99,38.99,high,low,7,namesilo,,,19/09/2026 14:57
6f36d02d-0dba-4e0d-a07a-9ae20d25fa4f,beamish.exchange,available,5.98,49.98,medium,low,7,namecheap,,,09/08/2026 04:08
d0e211d6-2937-4696-958a-dfe2074f4173,slenderize.exchange,available,5.98,49.98,medium,low,10,namecheap,,,10/09/2026 10:53
2fd6b986-8f1e-4ec3-9c7c-fffe6623acb5,lourdes.exchange,available,6.1,32.21,medium,low,7,dynadot,,,29/09/2026 09:34
d8cb7947-b03b-4ce8-996a-d8801d3def99,alone.exchange,available,5.98,49.98,high,low,5,namecheap,,,22/09/2026 01:57
0fa2930e-8c80-4f6a-a55a-dc674a01d4b0,link.exchange,resell,,,high,medium,4,Dynadot Inc,17/11/2017 23:59,17/11/2026 23:59,29/09/2026 10:12
c584cc46-4d18-4166-8536-73e677f770e0,hotly.exchange,available,5.98,49.98,medium,low,5,namecheap,,,14/09/2026 23:58
3b0976e7-1756-410f-86b6-7b8a91892fa3,bloomfield.exchange,available,12.99,38.99,high,low,10,namesilo,,,25/09/2026 21:57
d9bbdb5f-2d7a-44d2-9671-577ab675d851,heyday.exchange,available,5.98,49.98,high,low,6,namecheap,,,18/08/2026 09:24
876b9c66-f304-47f1-acea-c3c4bf747065,oceangoing.exchange,available,5.98,49.98,medium,low,10,namecheap,,,04/09/2026 00:20
919eaff4-4e59-430c-bfd1-6029253ff3c2,supportive.exchange,available,12,,high,low,10,unstoppable,,,28/09/2026 02:03
a31c7cc0-a994-443c-ba9d-dc577858a8d0,bbl.exchange,available,5.98,49.98,high,low,3,namecheap,,,22/09/2026 18:32
fca451d6-b4f3-4d3f-a6af-afbcd1c4f1eb,baja.exchange,available,12.99,38.99,medium,low,4,namesilo,,,29/09/2026 21:54
796a2386-40af-4c4b-a5df-32ee62b081ca,boulevard.exchange,available,6.1,32.21,medium,low,9,dynadot,,,28/09/2026 18:27
c679c6b2-27d6-42d1-931d-996e155071a8,imagery.exchange,available,30.2,30.2,high,low,7,cloudflare,,,29/09/2026 19:16
6c98063d-0865-44b2-9152-d41a93a477d2,annalistic.exchange,available,5.98,49.98,high,low,10,namecheap,,,
e3bcff45-9189-429e-82a8-80112cca443e,frisky.exchange,available,5.98,49.98,high,low,6,namecheap,,,18/08/2026 16:02
dfab11f6-f133-47be-b510-e9b036adaed3,vein.exchange,available,10.99,,high,low,4,name.com,,,
e5799607-3d52-4acd-bd7b-e32b97802504,bagdad.exchange,available,5.38,31.25,medium,low,6,spaceship,,,29/09/2026 00:26
9486d712-b24a-4cde-bbd1-fc876ab76dda,atomiser.exchange,available,5.98,49.98,high,low,8,namecheap,,,21/09/2026 00:19
a6a099e7-c499-4e64-b425-0ebeb6a0b0c9,allowable.exchange,available,5.98,49.98,high,low,9,namecheap,,,
1cdf2dc7-caf5-417c-a98e-9e941f4cbf25,drunken.exchange,available,5.98,49.98,medium,low,7,namecheap,,,09/08/2026 19:02
d63d55e2-e590-481d-a1dc-3dbc416ec78a,fishy.exchange,available,5.98,49.98,high,low,5,namecheap,,,18/08/2026 05:32
10c62936-2fc1-46a2-bb08-fd9403794ccc,appetiser.exchange,available,5.98,49.98,high,low,9,namecheap,,,19/09/2026 20:48
2b801b53-924a-4f7e-a7c2-b5e08514bc61,joking.exchange,available,5.98,49.98,high,low,6,namecheap,,,25/09/2026 11:45
cb2ea197-0a58-4f92-b13f-bb36347be547,unaware.exchange,available,5.98,49.98,medium,low,7,namecheap,,,22/08/2026 01:38
915577b2-68a2-476e-b2d8-580f03466c9a,balanced.exchange,available,30.2,30.2,high,low,8,cloudflare,,,29/09/2026 16:30
f782cec7-63f1-4617-aec7-0d3136d92cd0,haircut.exchange,available,12.99,38.99,high,low,7,namesilo,,,29/09/2026 21:56
e9cbb3f4-62f4-4df8-baf0-6e122927e0f5,rabies.exchange,available,5.38,31.25,medium,low,6,spaceship,,,29/09/2026 19:34
50c0c607-09f0-4dd0-870c-2833f7eebcce,mansfield.exchange,available,12.99,38.99,high,low,9,namesilo,,,25/09/2026 08:08
5b955941-e6e3-4bb1-ab86-e11812dae9e3,oak.exchange,premium,78.54,78.54,high,low,3,namesilo,,,
c46b3ade-36dd-48ed-b701-81d66e2037b3,visitor.exchange,premium,78.54,78.54,high,low,7,namesilo,,,
2a509e44-ccb0-4250-af09-2e8a4a1acf0e,globular.exchange,available,5.98,49.98,high,low,8,namecheap,,,08/08/2026 10:06
9ad4487a-c762-4420-a0c2-5d719ae1b412,omissive.exchange,available,5.98,49.98,medium,low,8,namecheap,,,04/09/2026 02:28
3dbda51a-c218-4220-9fb7-510678ee8998,kathleen.exchange,available,12.99,38.99,high,low,8,namesilo,,,25/09/2026 14:34
d2c1bc93-2b54-4d7c-9146-05e61dcc5e22,harare.exchange,available,5.98,49.98,high,low,6,namecheap,,,24/09/2026 12:36
9655062e-754c-4ef3-8145-6b3e24f15ae9,sunroof.exchange,available,10.99,,high,low,7,name.com,,,
8a49e174-dfc1-4dd9-8f17-2dbcf64559ee,visiting.exchange,available,10.99,,high,low,8,name.com,,,
f07e3195-d032-442f-a56b-2dc10469bdab,arui.exchange,available,12.99,38.99,medium,low,4,namesilo,,,18/09/2026 22:15
de373d2c-2f57-4f94-9e22-3064bbfd7e11,jose.exchange,available,12.99,38.99,medium,low,4,namesilo,,,28/09/2026 11:51
ad3653e9-5416-4056-a9a9-1d4a7b380869,indecent.exchange,available,5.98,49.98,medium,low,8,namecheap,,,25/09/2026 09:06
8c0c7e3c-8941-48fa-a28b-23262bb23110,facilitating.exchange,available,10.99,,medium,low,12,name.com,,,
a843dae3-b169-459c-a7bd-86453ac61c37,adige.exchange,available,12.99,38.99,medium,low,5,namesilo,,,17/09/2026 08:16
054ee9ce-34f5-4e5d-88cb-719572ebe035,backstretch.exchange,available,10.99,,high,low,12,name.com,,,
9e08310b-5a64-4cf2-bb2a-bfe5dbfea1ef,assiduity.exchange,available,12.99,38.99,medium,low,9,namesilo,,,20/09/2026 16:21
c39625f5-b45f-4bd2-9ecf-b349f5165e81,throttle.exchange,available,5.98,49.98,high,low,8,namecheap,,,16/09/2026 21:47
bb418bf5-0459-4b8a-bfc7-85c7d5fd5c08,deepening.exchange,available,5.98,49.98,medium,low,9,namecheap,,,13/08/2026 23:00
ff28e07a-0bf4-4422-af0d-838029669d4e,abs.exchange,premium,38.94,38.94,high,low,3,namesilo,,,16/09/2026 17:29
417280ff-91bd-44e9-b63f-07846a8fdb41,severed.exchange,available,10.99,50.99,medium,low,7,name.com,,,13/08/2026 12:32
d43de9c5-0459-4d50-9ed0-1da62b00607a,offend.exchange,available,12,,medium,low,6,unstoppable,,,28/09/2026 18:28
c6da5917-74f8-496b-9a32-0dc77aaabb7e,odor.exchange,available,12.99,38.99,high,low,4,namesilo,,,20/09/2026 08:25
0c248a1a-9db9-4c6f-af54-031ffb7140f1,reflect.exchange,available,6.1,32.21,high,low,7,dynadot,,,28/09/2026 10:29
4df9f9d8-c2e6-4316-bed3-bd4c38ec8898,larkin.exchange,available,12.99,38.99,high,low,6,namesilo,,,27/09/2026 23:26
6a621c14-f919-4a10-8ad2-386342d65b2d,museums.exchange,available,5.38,31.25,medium,low,7,spaceship,,,29/09/2026 11:30
1618edff-7f9c-4e32-a55c-7ec1e7a0e5a7,canty.exchange,available,5.98,49.98,medium,low,5,namecheap,,,11/08/2026 17:46
657ea41f-c1a3-43f2-ba37-6cabed4bf1da,underestimated.exchange,available,10.99,,medium,low,14,name.com,,,
da547a2e-669f-44b8-8ccb-470d280e856f,switched.exchange,available,12.99,38.99,medium,low,8,namesilo,,,27/09/2026 09:43
162c178c-d6ee-4000-8342-f890765ed6ab,foiling.exchange,available,5.98,49.98,medium,low,7,namecheap,,,11/09/2026 15:16
3c8be2c7-9fd8-4006-bea8-f8421b5e5ea9,subtropic.exchange,available,5.98,49.98,medium,low,9,namecheap,,,10/09/2026 03:34
b979bb66-ea0e-464a-985b-fe9bfd8e88f6,hopeless.exchange,available,5.98,49.98,medium,low,8,namecheap,,,21/08/2026 13:54
6656eae1-d0f2-4066-b630-f986f596ebba,fissure.exchange,available,5.98,49.98,high,low,7,namecheap,,,13/08/2026 04:18
92b5604e-8be7-4617-acb2-b1325aadc969,nebulously.exchange,available,5.98,49.98,low,low,10,namecheap,,,15/09/2026 16:18
a55ff1b7-df21-4932-9700-93072b546482,variegated.exchange,available,5.98,49.98,medium,low,10,namecheap,,,13/09/2026 01:18
21842302-de86-44b4-ae64-573ff7c61ec0,continuous.exchange,available,10.99,50.99,high,low,10,name.com,,,23/09/2026 22:20
fd31e9df-4c90-4893-bf98-af7d5b53fabc,cochran.exchange,available,12.99,38.99,medium,low,7,namesilo,,,27/09/2026 12:38
636c237b-6151-43ce-ac65-7ed6e295fa94,anhidrosis.exchange,available,12.99,38.99,medium,low,10,namesilo,,,19/09/2026 07:47
5bd48ec8-04c0-4a78-88a0-8edad12318c1,spirant.exchange,available,5.98,49.98,medium,low,7,namecheap,,,12/08/2026 23:20
40deb8f0-27ba-4a9b-ab22-8b0ca52b23f1,nuptial.exchange,available,5.98,49.98,high,low,7,namecheap,,,11/08/2026 03:55
2eadb66b-a9e9-4e97-9338-d08fc8b9cd3d,according.exchange,available,5.98,49.98,high,low,9,namecheap,,,
cfa2ddfb-9004-47e1-8976-4446dd57da13,leathery.exchange,available,5.98,49.98,medium,low,8,namecheap,,,13/08/2026 01:13
8d49f922-c0fd-4d09-a266-eb44c4a2c214,prosecuted.exchange,available,5.38,31.25,low,low,10,spaceship,,,29/09/2026 17:43
4b1349b0-3731-4d67-a135-1b3b4771bc41,tailed.exchange,available,5.98,49.98,medium,low,6,namecheap,,,11/09/2026 07:08
54d7b166-e5ed-4dab-85ea-aa4b9723ae68,weinstein.exchange,available,6.1,32.21,high,low,9,dynadot,,,28/09/2026 07:31
0945a3f2-91b8-4f54-9fcf-703f8a978956,provider.exchange,available,,,high,low,8,,,,
920ced78-99a1-42ef-bbff-e0083880a8f4,agdistis.exchange,available,12.99,38.99,medium,low,8,namesilo,,,17/09/2026 16:43
57f9defc-968d-49b4-98c1-b3bbda96533b,small.exchange,premium,66.5,82.5,high,low,5,unstoppable,,,29/09/2026 19:21
87ab48be-db7d-44e3-824a-18de0bab33c3,clapping.exchange,available,5.98,49.98,high,low,8,namecheap,,,19/09/2026 20:57
d80cee65-ac67-417b-814b-72ac550d5962,newburgh.exchange,available,12.99,38.99,high,low,8,namesilo,,,29/09/2026 07:44
6b9b40ba-c134-40bb-b11c-6fa2a7f318ab,drawer.exchange,available,12.99,38.99,high,low,6,namesilo,,,24/09/2026 23:56
4f62951b-6059-4abb-94d3-be03b5b9d0f4,injection.exchange,available,5.38,31.25,high,low,9,spaceship,,,28/09/2026 06:02
95bb0fe9-fa1b-4b79-b4ab-5a29eb33021f,unsung.exchange,available,5.98,49.98,medium,low,6,namecheap,,,12/09/2026 20:49
0d36958a-98cb-48a2-b787-d93eefd19a0e,amenia.exchange,available,5.98,49.98,medium,low,6,namecheap,,,18/09/2026 18:47
869a1fe1-e51d-46b0-a53d-609021bbc559,starlit.exchange,available,5.98,49.98,high,low,7,namecheap,,,10/09/2026 18:56
7ebb305b-297b-440b-a0b5-5c8cedc5868d,cane.exchange,available,12.99,38.99,high,low,4,namesilo,,,29/09/2026 06:33
10137ee2-f79e-4070-a137-c57232385cd1,caesium.exchange,available,12.99,38.99,high,low,7,namesilo,,,20/09/2026 23:16
25ab51a6-4a7c-48ba-b71c-d0bc7029e89f,acacia.exchange,available,5.98,49.98,high,low,6,namecheap,,,16/09/2026 19:59
2fb45211-abba-43aa-a99b-c45f965f1173,assortment.exchange,available,5.98,49.98,high,low,10,namecheap,,,25/08/2026 07:59
a04ab552-e30a-4a09-9730-cd209b9024fa,pawn.exchange,resell,,,high,low,4,,,,28/09/2026 18:36
eab54993-04b1-4853-ab04-501a7fe86b7d,hernandez.exchange,available,12.99,38.99,high,low,9,namesilo,,,25/09/2026 16:13
63efabf2-fd4f-415f-a498-3915a3f25de9,lambert.exchange,available,30.2,30.2,high,low,7,cloudflare,,,28/09/2026 13:45
3880ecb8-7b56-445b-8cde-186f01545648,scholar.exchange,available,12.99,38.99,high,low,7,namesilo,,,20/09/2026 16:28
896ebdb2-4d3a-4a22-afab-800be65d9d78,quechua.exchange,available,5.98,49.98,high,low,7,namecheap,,,22/08/2026 15:21
556f0f84-eff1-469a-89ab-e2000d50daf1,hallowed.exchange,available,5.98,49.98,high,low,8,namecheap,,,20/08/2026 22:52
e436ac20-31cf-4a66-bbcb-8efc75b680e6,decidedly.exchange,available,5.98,49.98,medium,low,9,namecheap,,,14/09/2026 02:04
b34f3864-7378-4d52-ad4a-e7ab531ae0ea,schnabel.exchange,available,12.99,38.99,high,low,8,namesilo,,,20/09/2026 12:04
6502edea-cc31-4dd4-bfd2-1fb2be11ce63,gross.exchange,available,12.99,38.99,high,low,5,namesilo,,,24/09/2026 13:05
bc627bcc-3b93-42ea-bb42-7856e34cd140,twenties.exchange,available,12.99,38.99,high,low,8,namesilo,,,16/09/2026 12:09
7c584fb5-b3b2-4f0d-b85b-7b20395c839c,dolan.exchange,available,12.99,38.99,high,low,5,namesilo,,,28/09/2026 11:39
2fad80e5-6c11-44f6-9713-5e45319677b4,havre.exchange,available,12,,high,low,5,unstoppable,,,28/09/2026 03:56
861f687d-7f37-42d2-b4fb-ffdf2df7f3b5,aromatic.exchange,available,12.99,38.99,high,low,8,namesilo,,,22/09/2026 08:02
03ce0df3-4107-4895-bafe-1fb8438a54e2,debatable.exchange,available,10.99,50.99,medium,low,9,name.com,,,13/08/2026 20:12
e48bf588-e245-4944-8949-ee0d11e662f4,genuinely.exchange,available,12.99,38.99,medium,low,9,namesilo,,,28/09/2026 13:10
56281564-b04c-46d5-9305-d6fed9dd4c2d,thin.exchange,premium,118.8,118.8,high,low,4,namesilo,,,14/08/2026 07:47
5c4f7371-dc62-410c-bf86-114bef8fbf56,insidious.exchange,available,5.98,49.98,medium,low,9,namecheap,,,22/08/2026 07:05
6f1c0001-7ca8-4a46-b8e0-2c3561a270dc,shh.exchange,available,10.99,,high,low,3,name.com,,,
10fa217a-186d-48b4-8b11-93b892718d87,dar.exchange,premium,66.5,,high,low,3,unstoppable,,,29/09/2026 20:47
f11f2a0a-cdb8-4134-b5bc-e142da35be58,ambergris.exchange,available,12.99,38.99,medium,low,9,namesilo,,,18/09/2026 16:37
9ad67943-b1da-4d5b-a9a1-4865fcbae8bc,annexation.exchange,available,12.99,38.99,medium,low,10,namesilo,,,19/09/2026 10:25
a205084b-10ea-4901-ae98-eb47a12b26c7,pervious.exchange,available,5.98,49.98,medium,low,8,namecheap,,,08/09/2026 18:09
0a7a0174-e01a-48a4-8c39-fb8bf5f96d40,measurements.exchange,available,30.2,30.2,medium,low,12,cloudflare,,,29/09/2026 11:24
67061672-e2bb-49d4-a26d-adbd8a0b869e,allegedly.exchange,available,5.98,49.98,high,low,9,namecheap,,,13/09/2026 19:04
0a2ff290-2cce-4205-b39b-e7156c39a0f8,moneymakers.exchange,available,5.98,49.98,medium,low,11,namecheap,,,20/09/2026 18:20
e9ac716d-c35a-4b84-80ca-46dc01a59c6b,tyranny.exchange,available,5.98,49.98,medium,low,7,namecheap,,,16/09/2026 18:02
3bd295cc-77af-455e-b2ef-6c87396f6d82,gramophone.exchange,available,12.99,38.99,high,low,10,namesilo,,,17/09/2026 02:30
27eeabbc-7fc2-4e71-a5dd-0ff13c22fa89,praiseful.exchange,available,5.98,49.98,medium,low,9,namecheap,,,22/08/2026 20:51
1ccfea3f-9c4d-497e-863d-2746465c8576,antic.exchange,available,5.98,49.98,high,low,5,namecheap,,,
0956a6aa-5e9e-4172-ac97-cdab1578d94a,cupric.exchange,available,5.98,49.98,medium,low,6,namecheap,,,13/08/2026 10:49
52f64dc4-b03b-4df9-ad44-cc4f830f74d2,betula.exchange,available,12.99,38.99,medium,low,6,namesilo,,,23/09/2026 11:52
32f967eb-6a00-4270-ac94-c081b5b407ce,regina.exchange,available,5.98,49.98,high,low,6,namecheap,,,29/09/2026 13:45
5bb68068-c131-4ceb-a22a-c96898af5fc1,unfeasible.exchange,available,5.98,49.98,medium,low,10,namecheap,,,21/08/2026 22:56
22098f18-d374-4f5d-847f-de3d4e4ad5a3,upstage.exchange,available,5.98,49.98,high,low,7,namecheap,,,
94f1fa21-6dc8-449f-a6d6-abce3d87d1bc,gravel.exchange,available,5.98,49.98,high,low,6,namecheap,,,21/09/2026 17:36
2fc32a50-ecc7-4939-8cca-cb25e9ef826c,azide.exchange,available,12.99,38.99,high,low,5,namesilo,,,21/09/2026 11:12
719f192e-8837-4933-bf3b-abad28c1df77,agha.exchange,available,12.99,38.99,medium,low,4,namesilo,,,17/09/2026 15:59
0dbbe976-1e63-43c8-b0f4-74014f54964e,authoriser.exchange,available,12.99,38.99,medium,low,10,namesilo,,,21/09/2026 05:16
551bdd8d-c8f7-4844-a2a5-ac3235d5fc3f,panda.exchange,resell,,,high,medium,5,"Spaceship, Inc.",18/04/2025 15:15,18/04/2027 15:15,28/09/2026 19:27
a493cd9a-17a1-4608-b742-b4c5853c67b4,scruffy.exchange,available,5.98,49.98,medium,low,7,namecheap,,,10/09/2026 00:25
d184d709-a997-4891-a56c-549c31afae18,koestler.exchange,available,5.98,49.98,medium,low,8,namecheap,,,20/09/2026 10:57
e7445db6-2371-4c7b-a276-0ae2e7de1b30,sprightly.exchange,available,5.98,49.98,high,low,9,namecheap,,,10/09/2026 16:49
3add37b7-2932-43a2-8221-de89e3c90561,morals.exchange,available,12.99,38.99,medium,low,6,namesilo,,,28/09/2026 14:04
f1942205-8065-4fea-aabc-756c37705c73,loud.exchange,available,5.98,49.98,high,low,4,namecheap,,,24/09/2026 19:25
0df8a87f-ca4c-472b-ad5b-3852e6117c14,blackfish.exchange,available,12.99,38.99,medium,low,9,namesilo,,,24/09/2026 01:55
6835969b-c4f0-4673-8089-ce41fc006fab,auxin.exchange,available,12.99,38.99,medium,low,5,namesilo,,,21/09/2026 08:33
40ca2a5e-dc3c-414b-8a63-b6e5b73053bc,subgroup.exchange,available,5.38,31.25,medium,low,8,spaceship,,,28/09/2026 15:24
4190928f-2d1b-4e7c-9e27-b22d8ee51a20,untilled.exchange,available,5.98,49.98,medium,low,8,namecheap,,,12/09/2026 21:24
53080698-40fc-41fe-9026-d9c7a694342e,matai.exchange,available,12.99,38.99,medium,low,5,namesilo,,,24/09/2026 01:23
81329bab-ce09-4caf-a739-8d2711678a6d,glitter.exchange,available,5.38,31.25,high,low,7,spaceship,,,29/09/2026 11:42
cd416260-e296-460f-9483-9a7f6da7a527,filthy.exchange,available,5.98,49.98,high,low,6,namecheap,,,13/08/2026 08:46
8cea42df-8c36-4e9e-8638-34593e7da355,armies.exchange,available,12,,medium,low,6,unstoppable,,,28/09/2026 17:38
ab66cc9b-9a6d-4e4b-b2b9-4acc106fda2a,rancor.exchange,available,12.99,38.99,medium,low,6,namesilo,,,23/09/2026 23:05
ceadc339-dd89-4aa9-83a9-265156f03722,stretches.exchange,available,12.99,38.99,medium,low,9,namesilo,,,18/09/2026 07:56
4f19f1fd-ca96-4d4e-a875-fb2aaf0f6ca2,apostate.exchange,available,5.98,49.98,medium,low,8,namecheap,,,06/08/2026 03:35
f0ba8dc1-6d74-4ebf-b92e-16968af67d24,shadow.exchange,resell,,,high,medium,6,"GoDaddy.com, LLC",31/07/2024 12:33,31/07/2027 12:33,29/09/2026 17:19
972dc3a6-d949-49ee-8e69-78fb9470c3a7,nyc.exchange,available,,,high,medium,3,,,,
fece277d-a5d1-4e3a-a801-5d6a7a99d157,andrea.exchange,available,12.99,38.99,high,low,6,namesilo,,,25/09/2026 13:32
369ac731-330d-4e52-86a2-ee62707d41c8,slips.exchange,available,12.99,38.99,high,low,5,namesilo,,,17/09/2026 12:24
cccc2907-6060-4498-b228-ed917d170255,needy.exchange,available,12.99,38.99,medium,low,5,namesilo,,,24/09/2026 06:57
dfaecdaa-6635-46f6-a2ec-a6ce39475fee,grew.exchange,available,10.99,,high,low,4,name.com,,,
67c280ca-d6f0-4dfd-91e9-b5694ac7f7ad,scenarios.exchange,available,12.99,38.99,medium,low,9,namesilo,,,29/09/2026 17:21
a83904eb-3c64-4375-a269-8c8abde74b78,undulate.exchange,available,5.98,49.98,medium,low,8,namecheap,,,12/09/2026 08:33
58b873aa-1611-49e6-918b-dd2abc365e2f,respectful.exchange,available,12.99,38.99,high,low,10,namesilo,,,27/09/2026 12:44
acebee91-28f5-446f-8439-88bce971c351,congolese.exchange,available,5.98,49.98,high,low,9,namecheap,,,12/08/2026 21:54
c0a6c1fc-c060-4ead-a980-257495dccb08,witless.exchange,available,5.98,49.98,medium,low,7,namecheap,,,03/09/2026 17:49
0a4d6d8a-36f4-4570-80e0-753fb8a37c4a,scandal.exchange,available,10.99,,high,low,7,name.com,,,
fd06e431-bdd0-4442-8857-3aa3ad3259ba,alanine.exchange,available,12.99,38.99,medium,low,7,namesilo,,,18/09/2026 01:50
377a8d0a-a249-434a-a3eb-30a317951096,spence.exchange,available,12.99,38.99,high,low,6,namesilo,,,29/09/2026 03:33
9ff4194e-7d29-470b-9342-c5e3f21cf7bf,aptly.exchange,available,5.98,49.98,high,low,5,namecheap,,,13/09/2026 16:19
4494867f-1ad0-4cc3-918b-b895ee0b3611,gracefully.exchange,available,5.98,49.98,high,low,10,namecheap,,,14/09/2026 21:54
b67770b8-d662-4f2a-8e65-3ac29082fdd1,miguel.exchange,available,12.99,38.99,high,low,6,namesilo,,,25/09/2026 14:22
b0d50b2f-b654-46bb-aa4d-db7addddce9d,cherub.exchange,available,12.99,38.99,high,low,6,namesilo,,,24/09/2026 14:18
2f9f0fe0-f033-462c-8549-6eb9e1a99134,lifetime.exchange,premium,99.5,118.8,high,low,8,unstoppable,,,29/09/2026 16:16
172b67dc-061a-4034-8d0a-1205b49e2cd3,resettled.exchange,available,5.98,49.98,high,low,9,namecheap,,,09/09/2026 13:41
39e3f594-6f7d-4ee8-83da-f09e347d3e22,asanga.exchange,available,12.99,38.99,medium,low,6,namesilo,,,20/09/2026 12:49
352d207a-97f5-426e-81d4-e006444027f6,decreasing.exchange,available,5.98,49.98,medium,low,10,namecheap,,,13/08/2026 22:12
b4931691-19b0-4058-b3be-f1b302cc8364,joey.exchange,available,5.98,49.98,high,low,4,namecheap,,,25/09/2026 11:16
d8af3203-e078-4a17-8144-5aea5aa5b4a8,causes.exchange,available,12.99,38.99,medium,low,6,namesilo,,,27/09/2026 09:34
6fca3090-af10-46a4-8421-0c6ebf1b9393,seagirt.exchange,available,5.98,49.98,medium,low,7,namecheap,,,10/09/2026 00:39
1bf2eaf7-ccfe-4175-947f-5dcd6287338a,brimful.exchange,available,5.98,49.98,medium,low,7,namecheap,,,11/08/2026 04:08
78fd0a63-26de-4d98-a913-8821fc8d8eba,augmented.exchange,available,6.1,32.21,high,low,9,dynadot,,,29/09/2026 12:46
9dbd0172-91a8-4507-b2b8-c4e6cb7eb353,jaws.exchange,available,5.38,31.25,medium,low,4,spaceship,,,28/09/2026 22:10
d34dd2fb-062b-43ec-8a9f-db6943da65b1,publicly.exchange,available,12.99,38.99,medium,low,8,namesilo,,,28/09/2026 15:37
17db7dad-8235-40dd-91c2-ef40b788a2fd,finishes.exchange,available,12,,medium,low,8,unstoppable,,,28/09/2026 18:11
fceb63a2-65f6-490c-b49d-0d1bd2b9fb93,impressed.exchange,available,10.99,,high,low,9,name.com,,,
99391a02-c733-40ae-8ba6-f14129c7197f,freaky.exchange,available,5.98,49.98,high,low,6,namecheap,,,10/08/2026 10:01
fee7a6b8-4494-486c-aba6-e9311c7d582d,atenolol.exchange,available,5.98,49.98,medium,low,8,namecheap,,,20/09/2026 20:09
23ccc646-1ee1-4c89-ba18-43efa56913a7,standing.exchange,available,12.99,38.99,high,low,8,namesilo,,,28/09/2026 00:41
d82dae6d-f618-43f4-a67a-efe9984e00ed,worked.exchange,available,10.99,,high,low,6,name.com,,,
6d9983b0-e046-4ef0-a2cf-687a867ee7f7,exonerated.exchange,available,5.98,49.98,high,low,10,namecheap,,,
55d8fbf3-5b47-449d-aeb5-a88ca7fa763c,roaring.exchange,available,5.98,49.98,high,low,7,namecheap,,,10/08/2026 19:21
c8181867-bc75-42b6-a906-e58497b1c3f5,sars.exchange,available,5.38,31.25,medium,low,4,spaceship,,,29/09/2026 20:17
8d05d490-9b91-404c-8776-eef78a75ba65,westbrook.exchange,available,6.18,31.41,medium,low,9,porkbun,,,29/09/2026 04:08
df179457-cbf8-4570-847d-add4b42f81a0,appreciate.exchange,available,5.98,49.98,high,low,10,namecheap,,,27/09/2026 06:44
8e5a9373-b8f2-4672-8e08-5290cbec0ac7,joel.exchange,available,12.99,38.99,high,low,4,namesilo,,,24/09/2026 06:55
64d2ae11-7ae7-42a5-ae01-d6752ab38de2,pouring.exchange,available,5.98,49.98,high,low,7,namecheap,,,20/08/2026 21:01
50b9460a-a348-4d1a-8adc-3218eb6dcbef,medford.exchange,available,12.99,38.99,medium,low,7,namesilo,,,28/09/2026 10:21
391e46b1-678e-4cab-8e2a-d7a8a41deb50,arminius.exchange,available,12.99,38.99,medium,low,8,namesilo,,,20/09/2026 07:08
2bd74a82-e3b6-46eb-8cc4-40e4adb80c56,assessable.exchange,available,10.99,50.99,medium,low,10,name.com,,,07/08/2026 06:04
3a165dc3-19ab-41bc-b54a-28ce61179bfc,jacket.exchange,available,12.99,38.99,high,low,6,namesilo,,,29/09/2026 12:13
1662895e-0ac5-413b-b79d-e5e9ae7393cd,infamous.exchange,available,5.98,49.98,high,low,8,namecheap,,,21/08/2026 19:04
fc2b3b48-3f19-408e-8e24-8d3712990391,linda.exchange,available,12.99,38.99,high,low,5,namesilo,,,25/09/2026 14:03
d32838e9-f22c-4c5d-8e42-f9e4317f6ea3,finish.exchange,available,5.98,49.98,high,low,6,namecheap,,,08/09/2026 15:33
7435866a-f33f-489e-a27c-a6d7a211de7d,secretaries.exchange,available,5.38,31.25,medium,low,11,spaceship,,,30/09/2026 00:46
26418bb0-bdad-4757-9c32-dce887908d15,windward.exchange,available,5.98,49.98,high,low,8,namecheap,,,13/09/2026 12:22
e79aaf7d-cfec-4075-bd9b-ea4188d1c011,migration.exchange,premium,68.51,68.51,high,low,9,spaceship,,,29/09/2026 19:39
4a4a6bf2-e34a-4f7a-8dbe-0895abcd634a,biotype.exchange,available,5.98,49.98,high,low,7,namecheap,,,23/09/2026 19:14
869cca3e-d740-4ac7-82ca-5e237ab81bde,resonating.exchange,available,12.99,38.99,high,low,10,namesilo,,,27/09/2026 12:29
ccbc9f6a-56b7-4663-ab7f-d0887431a16e,candlenut.exchange,available,12.99,38.99,medium,low,9,namesilo,,,18/09/2026 05:37
4001bea8-c06e-402b-8f9f-0cd8fada72e6,mounting.exchange,available,5.38,31.25,high,low,8,spaceship,,,29/09/2026 00:26
e005268b-4ebe-470a-9956-710a5c26d018,enforce.exchange,available,6.1,32.21,high,low,7,dynadot,,,29/09/2026 08:23
fe51c93b-5dfd-446a-9aa9-cdb261c0f3a2,possessed.exchange,available,6.18,31.41,medium,low,9,porkbun,,,28/09/2026 03:28
e740a81a-1613-4497-8f78-c265899f6e98,radius.exchange,resell,,,high,low,6,,,,28/09/2026 03:00
47d6e042-5828-4eaa-9ff4-840cf25cfc15,superiors.exchange,available,5.38,31.25,medium,low,9,spaceship,,,29/09/2026 05:50
9933101b-d3d3-421f-9de9-ebbfc0e99c4e,variably.exchange,available,12.99,38.99,medium,low,8,namesilo,,,16/09/2026 10:46
2e89bc70-5d0e-480a-b246-e30c2876bb42,allies.exchange,available,6.1,32.21,high,low,6,dynadot,,,28/09/2026 20:34
62fed04d-42bd-49f6-8f7c-0be43636c0c7,enraptured.exchange,available,5.98,49.98,high,low,10,namecheap,,,14/08/2026 23:46
49e9329d-8c78-447c-9a03-46ce381594ab,chervil.exchange,available,12.99,38.99,medium,low,7,namesilo,,,19/09/2026 13:55
ce8b4907-cedb-4795-b568-8d774bd33519,slain.exchange,available,5.98,49.98,medium,low,5,namecheap,,,10/09/2026 09:53
f8eb5d59-4dda-4cab-bc93-cc83ae0587ea,earlyish.exchange,available,5.98,49.98,medium,low,8,namecheap,,,14/08/2026 22:29
84fa87e3-4e29-4a84-a7c5-03881d296f2d,pavlova.exchange,available,12.99,38.99,medium,low,7,namesilo,,,19/09/2026 10:01
d9f96070-aad7-4a2a-9dea-4d844ff91a9b,jackhammer.exchange,available,12.99,38.99,high,low,10,namesilo,,,17/09/2026 22:21
e8df6a17-9fc7-432c-8853-92e41cb788cf,scriabin.exchange,available,5.98,49.98,high,low,8,namecheap,,,18/09/2026 05:07
3f9b528b-4b2c-4fda-ab85-cd1bc4106169,cognisant.exchange,available,5.98,49.98,medium,low,9,namecheap,,,08/08/2026 00:18
7f1897e2-4060-4439-8944-b8e7d830982f,vixenish.exchange,available,5.98,49.98,medium,low,8,namecheap,,,13/09/2026 06:24
463ab554-c30a-4a24-affe-2452787f4e2a,dives.exchange,available,10.99,,high,low,5,name.com,,,
a69fb7b7-caeb-4ccb-8bda-71fea925e59a,pulitzer.exchange,available,5.38,31.25,high,low,8,spaceship,,,29/09/2026 19:26
b497b7b0-439c-4a4c-a257-61ec9d7349a7,torre.exchange,available,5.38,31.25,high,low,5,spaceship,,,28/09/2026 03:40
b17a0b73-f73a-46df-acd6-18adbe9abb00,edmunds.exchange,available,30.2,30.2,medium,low,7,cloudflare,,,28/09/2026 16:36
f6c5f17d-1cdb-4017-8cbb-d4407d701fc3,lawsuits.exchange,available,12.99,38.99,medium,low,8,namesilo,,,29/09/2026 11:39
24100f1f-a7bb-4aa5-9a16-8dcc24064364,heliac.exchange,available,5.98,49.98,medium,low,6,namecheap,,,21/08/2026 06:28
d361c52c-a813-4d3c-858b-2e756415dac9,aeronaut.exchange,available,12.99,38.99,high,low,8,namesilo,,,17/09/2026 13:09
ec51ef84-e8ff-4156-a3ea-cf38da091216,hilda.exchange,available,12.99,38.99,high,low,5,namesilo,,,27/09/2026 19:38
1cfba818-d96d-497b-ba5a-56a5a8a4ad4c,instrumental.exchange,available,30.2,30.2,high,low,12,cloudflare,,,29/09/2026 08:27
b1fb5cd8-b6b7-4217-a89f-5464a120ccdf,built.exchange,available,12.99,38.99,high,low,5,namesilo,,,23/09/2026 10:20
0f544b1d-8b64-4256-b77f-2c54a25bda40,uncovering.exchange,available,12.99,38.99,medium,low,10,namesilo,,,22/09/2026 06:00
9b386005-42a6-4421-bc9b-a4dfd037b538,triple.exchange,available,5.38,31.25,high,low,6,spaceship,,,28/09/2026 02:16
165d066a-9d9a-4420-8a03-8786165337cb,low.exchange,premium,260,260,high,low,3,namecheap,,,21/09/2026 13:54
6d84096c-8774-4e55-b688-4679fcce7b2d,harold.exchange,available,10.99,,high,low,6,name.com,,,
28dbbb98-fe93-4419-b8da-14808623a659,domed.exchange,available,5.98,49.98,high,low,5,namecheap,,,14/08/2026 15:37
3eaa5026-ba58-4da9-8405-474e773f2ea2,andira.exchange,available,12.99,38.99,medium,low,6,namesilo,,,19/09/2026 04:05
de5d6018-f727-4430-be31-54a1042e9699,nuns.exchange,available,12,,medium,low,4,unstoppable,,,28/09/2026 12:28
0f60ad43-ee5b-4087-985c-67e11592bfe0,loveliness.exchange,available,12.99,38.99,high,low,10,namesilo,,,22/09/2026 22:21
d7f2cb03-d207-4795-a233-f9ce0df9111e,megan.exchange,available,5.98,49.98,medium,low,5,namecheap,,,26/09/2026 03:31
4b4f2116-a1fb-41c3-baab-4612a79d3225,anomia.exchange,available,5.98,49.98,medium,low,6,namecheap,,,18/09/2026 22:21
9615a775-c256-4c0b-b07c-ec6b089200e3,traps.exchange,available,12.99,38.99,high,low,5,namesilo,,,20/09/2026 04:06
8f85946b-1a8c-4bd9-aaae-df755064d32f,promptly.exchange,available,5.98,49.98,high,low,8,namecheap,,,09/09/2026 08:42
4c6be79e-9184-412e-9f30-9d1b94896846,autosexing.exchange,available,12.99,38.99,medium,low,10,namesilo,,,21/09/2026 07:42
3728f251-f16c-4521-8e48-f90fec8e987c,min.exchange,premium,38.94,38.94,high,low,3,namesilo,,,25/08/2026 00:58
27229fad-f044-4fa1-9cc1-62d29383be62,barns.exchange,available,12.99,38.99,medium,low,5,namesilo,,,20/09/2026 22:46
5983c30f-6eca-4fd1-ae41-cbd69344e65a,pudendal.exchange,available,5.98,49.98,medium,low,8,namecheap,,,09/09/2026 05:28
21bd88e2-4828-4c6f-8f0a-506c7b415049,arch.exchange,resell,,,high,medium,4,Dynadot Inc,04/05/2024 21:45,04/05/2027 21:45,26/09/2026 03:58
08482733-338b-429b-a9a2-28b9c8c52a9b,hinault.exchange,available,12.99,38.99,medium,low,7,namesilo,,,23/09/2026 09:48
10a2809f-71dc-4f73-8748-18772f23ae08,babbler.exchange,available,5.98,49.98,high,low,7,namecheap,,,21/09/2026 12:25
55fecf0d-2390-4a7f-b697-752ba3e82481,asymptotic.exchange,available,5.98,49.98,medium,low,10,namecheap,,,07/08/2026 10:30
d5cb530e-2212-4aad-b3bb-ea9b353aed1f,arrhenius.exchange,available,12.99,38.99,high,low,9,namesilo,,,20/09/2026 09:11
1cf280b4-86b3-4bf4-a006-b985782a3c35,daydreams.exchange,available,5.98,49.98,medium,low,9,namecheap,,,19/09/2026 21:17
9747b7d0-2da9-4e64-b515-d5f2108da0ed,edged.exchange,available,10.99,50.99,high,low,5,name.com,,,13/08/2026 13:14
e5061b45-ad74-47f5-aa93-351f4268451c,repel.exchange,available,30.2,30.2,high,low,5,cloudflare,,,29/09/2026 15:49
14cea933-b2c5-4551-8385-615cd3342230,confirming.exchange,available,12.99,38.99,high,low,10,namesilo,,,23/09/2026 19:45
19627ab9-bcfd-472b-a5fa-cb95f179e9b2,unpopular.exchange,available,5.98,49.98,medium,low,9,namecheap,,,12/09/2026 17:11
6fb5bc05-a695-49ed-8fe0-45abb01deb1a,gibb.exchange,available,6.18,31.41,medium,low,4,porkbun,,,29/09/2026 22:06
1061486a-d9dd-49b5-99f0-156ac3a3d99b,paramedic.exchange,available,5.98,49.98,high,low,9,namecheap,,,08/09/2026 00:59
10d5e174-5c48-436e-946e-361754517ed1,vigilantly.exchange,available,12.99,38.99,medium,low,10,namesilo,,,16/09/2026 10:54
fe46ae16-b2a1-4676-a4f1-1ad563d1e6d3,cemetery.exchange,available,5.38,31.25,high,low,8,spaceship,,,27/09/2026 12:06
aab57a33-280d-4e42-9def-8077de40fe90,course.exchange,premium,99.5,118.8,high,low,6,unstoppable,,,28/09/2026 20:13
3c09b1ab-3b8c-4790-9c4c-487309303959,mta.exchange,available,5.38,31.25,high,low,3,spaceship,,,28/09/2026 21:38
7208b971-705b-49e7-a871-c034e491b25d,antonius.exchange,available,12.99,38.99,medium,low,8,namesilo,,,19/09/2026 13:34
1a3bd416-1b77-4cd0-ba6a-f6b8f2f8d80a,epitope.exchange,available,12.99,38.99,medium,low,7,namesilo,,,19/09/2026 14:25
d86bf62c-fd88-45df-8de9-ac76721c2a16,anthozoa.exchange,available,12.99,38.99,medium,low,8,namesilo,,,17/09/2026 05:01
1877a4c6-bce5-4212-be54-c594dbcfe04a,beechnut.exchange,available,5.98,49.98,medium,low,8,namecheap,,,23/09/2026 00:13
66ec52d1-9ca8-4937-82fd-a81597fa5a5d,rendering.exchange,available,6.18,31.41,high,low,9,porkbun,,,29/09/2026 19:21
ceaf55bb-e6d3-4da6-bba9-bfb323a09d6b,bruising.exchange,available,5.98,49.98,medium,low,8,namecheap,,,11/08/2026 06:34
e0ddcc08-74cc-4cf2-89f9-b65b8c7e9545,amoeba.exchange,available,12.99,38.99,high,low,6,namesilo,,,18/09/2026 17:41
79129083-ddb7-4b18-aa16-e498bce098fa,psychology.exchange,available,10.99,,high,low,10,name.com,,,
1be65709-2971-4f80-939c-5a5d23777783,emulous.exchange,available,5.98,49.98,medium,low,7,namecheap,,,16/08/2026 21:03
50286e72-72b7-46ee-b46a-285182647c92,tunica.exchange,available,12.99,38.99,medium,low,6,namesilo,,,17/09/2026 10:35
a906e060-4dd7-4a0c-bfdf-2229f3d962a4,peoria.exchange,available,12.99,38.99,high,low,6,namesilo,,,27/09/2026 04:58
c2d53ab1-cdf0-4dba-aa53-3abe87f0c6c4,attached.exchange,available,5.98,49.98,high,low,8,namecheap,,,
efabcb9f-7980-4374-9ff1-7f805ccc60f2,ascendant.exchange,available,5.98,49.98,high,low,9,namecheap,,,
ce9f57ea-aedc-4b89-9e79-bfa0ac61d016,woozy.exchange,available,5.98,49.98,medium,low,5,namecheap,,,14/08/2026 14:06
eec27009-713d-4f8b-81fe-20e89a122db4,prickly.exchange,available,5.98,49.98,high,low,7,namecheap,,,08/08/2026 17:34
e0d92570-67cf-4946-9a53-6601f09e9139,designate.exchange,available,5.98,49.98,high,low,9,namecheap,,,14/08/2026 03:42
e099137d-2953-429c-be08-b73f5906edf0,ibrahim.exchange,available,12.99,38.99,high,low,7,namesilo,,,16/09/2026 16:51
ac7edb74-70a7-4c94-938c-593cc76f2da5,hexed.exchange,available,5.98,49.98,medium,low,5,namecheap,,,21/08/2026 07:51
64dff5c2-72cb-445e-8978-dfb82d121ecc,antioxidant.exchange,available,10.99,,high,low,11,name.com,,,
84b67189-8a5d-4e37-93e7-706c5dce45c0,unsparing.exchange,available,5.98,49.98,medium,low,9,namecheap,,,22/08/2026 21:11
d0e0d79a-50e5-4eb9-9c73-4686fe5fea76,amerindian.exchange,available,5.98,49.98,high,low,10,namecheap,,,03/09/2026 13:51
4fe47c98-cbff-4cfa-8e30-e8b9133739db,divorce.exchange,premium,78.54,78.54,high,low,7,namesilo,,,14/08/2026 11:12
b4fcc2ec-bdd0-45c2-8134-c6a9589371b3,styptic.exchange,available,5.98,49.98,medium,low,7,namecheap,,,07/08/2026 10:00
8f80d893-4bdb-4463-8701-0bb430877b6f,wilful.exchange,available,5.98,49.98,medium,low,6,namecheap,,,18/08/2026 16:39
8f3ce90a-1ef2-4f5b-940f-cff3b8d7b2b7,aorist.exchange,available,12.99,38.99,medium,low,6,namesilo,,,19/09/2026 16:03
53294bbd-9730-4aaa-9ed1-1fa718e6312a,assertion.exchange,available,5.98,49.98,high,low,9,namecheap,,,20/09/2026 16:14
1616b564-74eb-4bf7-afe9-d7b8a4d215eb,placid.exchange,available,5.98,49.98,high,low,6,namecheap,,,17/08/2026 14:50
012abcb6-2c6b-4e4f-863f-150eae2907bd,derisory.exchange,available,5.98,49.98,medium,low,8,namecheap,,,14/08/2026 02:56
1991722f-0b7a-4718-8d8f-aa80ded2c0a7,tablet.exchange,available,12,,high,low,6,unstoppable,,,28/09/2026 20:05
59a92658-5e3c-4693-be6c-745f82e46340,mills.exchange,available,10.99,,high,low,5,name.com,,,
3dbc5792-4080-457a-9791-eabb543b69f0,abalone.exchange,available,5.98,49.98,high,low,7,namecheap,,,16/09/2026 13:49
4c87cdfa-c8d3-48a5-b747-a878ac42b2d4,decide.exchange,available,10.99,,high,low,6,name.com,,,
8cb70808-74d9-45e5-a729-70ea400c23bf,clastic.exchange,available,5.98,49.98,high,low,7,namecheap,,,12/08/2026 09:56
3f6bec1a-c0b7-4376-adfd-24dfced2a964,anorectal.exchange,available,5.98,49.98,medium,low,9,namecheap,,,
862cf282-cf04-493f-bfab-dcc9310d23b9,braces.exchange,available,12.99,38.99,high,low,6,namesilo,,,24/09/2026 07:52
611ec6df-bab2-45e5-aa43-37ecfb81665d,subatomic.exchange,available,5.98,49.98,medium,low,9,namecheap,,,10/09/2026 23:38
1885d99b-b36f-47b5-bcbf-d5a5dcb48e19,agaragar.exchange,available,12.99,38.99,medium,low,9,namesilo,,,17/09/2026 16:15
1714212b-236a-47e9-b5d4-4e4b7426b720,coital.exchange,available,5.98,49.98,low,low,6,namecheap,,,12/08/2026 16:22
100ef083-9f23-4f59-8d77-249163b27da2,fusible.exchange,available,5.98,49.98,medium,low,7,namecheap,,,18/08/2026 19:06
4a6fd4f9-b655-45e0-96df-ce6595568e5c,beebread.exchange,available,12.99,38.99,medium,low,8,namesilo,,,18/09/2026 17:24
3b82a4ef-df56-4c8e-89cf-6117d2376a4b,dickens.exchange,available,5.38,31.25,high,low,7,spaceship,,,29/09/2026 08:15
ff007992-93bf-442b-9215-89cd99548faa,duet.exchange,available,5.38,31.25,high,low,4,spaceship,,,29/09/2026 18:31
4a79a4ad-2ae3-4e2a-89ed-f7e9efc2b266,bivalent.exchange,available,5.98,49.98,high,low,8,namecheap,,,10/08/2026 08:58
f7f48e59-5f47-4eb8-a06f-48a25e6d0776,arundel.exchange,available,12.99,38.99,medium,low,7,namesilo,,,28/09/2026 12:04
9661e18b-9390-477e-ad52-af1ddb54a4a3,apologist.exchange,available,12.99,38.99,medium,low,9,namesilo,,,19/09/2026 18:45
a5149264-79c8-43d5-967b-58dd7e52c33e,fright.exchange,available,12.99,38.99,high,low,6,namesilo,,,17/09/2026 14:50
3fc00817-31d0-413e-bc05-e9ea72bd4782,spent.exchange,available,5.98,49.98,medium,low,5,namecheap,,,14/08/2026 14:53
d1c41761-2431-4f1b-ac2e-63c8126705b4,flamboyant.exchange,available,12.99,38.99,high,low,10,namesilo,,,22/09/2026 12:57
6d270308-4477-4eaf-857f-5e7388e42edc,edo.exchange,available,5.38,31.25,high,low,3,spaceship,,,28/09/2026 01:23
7588526b-f22c-44fd-ac31-7a5279009e61,limp.exchange,available,5.98,49.98,high,low,4,namecheap,,,23/08/2026 12:39
56018a2c-1ea0-43d3-ac9d-2a7d130c22df,serially.exchange,available,5.98,49.98,medium,low,8,namecheap,,,16/09/2026 01:08
d4f06035-b2e6-44ea-8298-0f9fc469e5a6,arius.exchange,available,12.99,38.99,medium,low,5,namesilo,,,20/09/2026 06:03
055ce92b-347d-4858-8a9f-05ce2ca9d77d,campestral.exchange,available,5.98,49.98,medium,low,10,namecheap,,,11/08/2026 16:05
6f077110-9c35-401e-aa49-3d1685fe99f4,binding.exchange,available,5.98,49.98,high,low,7,namecheap,,,22/09/2026 20:51
2a9f543c-d4f1-43e0-96c5-ff668f99f617,tvs.exchange,available,12,,high,low,3,unstoppable,,,30/09/2026 00:49
30f590b3-486c-4019-b949-d2d643fce969,dourly.exchange,available,5.98,49.98,low,low,6,namecheap,,,14/09/2026 13:56
d891e466-1b11-4865-b281-9bce9939088e,voyage.exchange,premium,68.51,68.51,high,low,6,spaceship,,,28/09/2026 02:51
c4b92ec3-7256-4da8-9260-a9babdc02501,nra.exchange,available,12,,medium,low,3,unstoppable,,,29/09/2026 01:42
13d69def-f642-4d7f-9bd2-bafd18c4a846,slighting.exchange,available,5.98,49.98,medium,low,9,namecheap,,,09/08/2026 13:15
ee4774d6-fd50-4ad9-af19-e1043a49770f,annaba.exchange,available,12.99,38.99,medium,low,6,namesilo,,,19/09/2026 10:03
ea46b589-37d6-4c69-8cea-19c05f917843,aged.exchange,available,12.99,38.99,high,low,4,namesilo,,,21/09/2026 22:26
222916bf-13ef-4e01-9c56-f10f318aeff4,discard.exchange,available,12,,high,low,7,unstoppable,,,29/09/2026 15:21
eb03afc5-c1d3-44c0-afe7-c0f88a4e73e6,stretchout.exchange,available,12.99,38.99,medium,low,11,namesilo,,,17/09/2026 05:03
289799c2-a981-4339-969c-f3b78e901ac2,strengthen.exchange,available,10.99,,high,low,10,name.com,,,
724f565d-5679-4de0-b8de-8b0d2786ca74,plz.exchange,available,10.99,,high,low,3,name.com,,,
34ade042-d935-4704-a93c-dbecc41c0fc4,baruch.exchange,available,12.99,38.99,medium,low,6,namesilo,,,22/09/2026 09:33
f99e0adc-84b2-43ed-bf64-a8e85c06c297,moonstruck.exchange,available,5.98,49.98,medium,low,10,namecheap,,,24/08/2026 11:18
19ea94a4-8d9d-4ba6-84e8-eb9b59884404,hoax.exchange,available,9.99,59.99,high,low,4,godaddy,,,30/09/2026 01:25
b6b268cf-90b5-4e39-9b24-beb193583c3f,brusque.exchange,available,5.98,49.98,medium,low,7,namecheap,,,11/08/2026 07:02
18187242-8c18-4aa7-b0e8-ce41ab895897,honeymoons.exchange,available,12.99,38.99,medium,low,10,namesilo,,,20/09/2026 01:32
7a84f965-db11-41d0-8ee6-37e256204dfe,dumbstruck.exchange,available,5.98,49.98,medium,low,10,namecheap,,,14/08/2026 21:06
dea43c4b-edf2-4f3e-9ad0-f4698ad83dbd,pee.exchange,available,5.98,49.98,medium,low,3,namecheap,,,13/09/2026 09:51
c2d132e8-3313-484d-920b-18d593f3f817,trolling.exchange,available,10.99,,medium,low,8,name.com,,,
05decc13-338a-467a-a68a-b07ed7a3899f,condolences.exchange,available,10.99,,medium,low,11,name.com,,,
ab578ee0-9114-4521-b70c-ae7843a86aab,servo.exchange,available,5.98,49.98,high,low,5,namecheap,,,10/09/2026 04:57
92bda35a-5d13-41c6-9e74-bf3244efcb8e,monterrey.exchange,premium,36.3,36.3,high,low,9,dynadot,,,28/09/2026 14:54
33634a4d-d7cf-4a9c-8179-7f830f102a19,xxxvii.exchange,available,5.98,49.98,medium,low,6,namecheap,,,
69c7e9e3-4396-4f78-9c6f-06fad0b498af,aerobe.exchange,available,12.99,38.99,medium,low,6,namesilo,,,17/09/2026 12:54
70506942-66af-4623-a5e7-8ca04025e278,mundane.exchange,available,5.98,49.98,high,low,7,namecheap,,,17/08/2026 14:55
5182930e-ec1b-4f2a-88a6-19c736ed4118,without.exchange,available,10.99,,high,low,7,name.com,,,
fb35bec1-19ce-49c7-a6a2-572381dbdf1c,snip.exchange,available,12.99,38.99,high,low,4,namesilo,,,24/09/2026 15:44
758f1eb7-f0e9-43c2-9af7-910b04bc19b9,myopic.exchange,available,5.98,49.98,medium,low,6,namecheap,,,03/09/2026 12:14
7d7586b3-1478-4bdb-975b-4b84c32f991b,turmoil.exchange,available,5.38,31.25,high,low,7,spaceship,,,29/09/2026 19:12
4770d8ba-fdb2-41db-aad5-c5f77e8481d1,sensor.exchange,available,5.38,31.25,high,low,6,spaceship,,,29/09/2026 14:18
d892469d-fac9-4ecf-bc7e-58643c6105eb,somewhat.exchange,available,5.98,49.98,high,low,8,namecheap,,,25/09/2026 12:06
aa48529a-15a2-46bb-918f-575e719c4df1,catenulate.exchange,available,5.98,49.98,medium,low,10,namecheap,,,11/08/2026 21:32
24042d5a-d602-4b0c-a0f0-2e3091a1c230,phony.exchange,available,5.98,49.98,medium,low,5,namecheap,,,08/08/2026 23:09
9079e2b0-7d94-481f-9a36-17e0699aa4eb,doze.exchange,available,5.98,49.98,high,low,4,namecheap,,,24/09/2026 23:43
48a245db-b17a-4fe3-b641-5a2caef4263e,bestial.exchange,available,5.98,49.98,medium,low,7,namecheap,,,09/08/2026 17:57
640ce2ad-b697-4691-a2a5-d45f0f2b9460,advanced.exchange,premium,68.51,68.51,high,low,8,spaceship,,,28/09/2026 20:47
2505d3c2-6e12-49bc-91b0-ae3fc3fe99e0,ionizing.exchange,available,12.99,38.99,medium,low,8,namesilo,,,29/09/2026 08:38
6df2117d-f452-4487-a313-85567d8c7e86,gerber.exchange,available,5.98,49.98,high,low,6,namecheap,,,29/09/2026 09:42
e2d3824a-ba52-41d0-85f2-435ad39c4b42,whichever.exchange,available,10.99,,medium,low,9,name.com,,,
8a253abb-b80e-4a07-9385-744b7e4b6194,dwight.exchange,available,12.99,38.99,medium,low,6,namesilo,,,28/09/2026 07:54
28b3bc95-dc3f-4a4a-9b6d-58d6f6a2e39f,ethiopian.exchange,available,5.98,49.98,high,low,9,namecheap,,,17/08/2026 13:47
fb94774e-4de7-498c-9ad7-ce4486851acc,angevin.exchange,available,12.99,38.99,high,low,7,namesilo,,,19/09/2026 06:06
a0f8734b-d23e-4770-830e-e2f73c4c1966,merited.exchange,available,5.98,49.98,medium,low,7,namecheap,,,14/08/2026 03:22
2907f878-370f-47b9-9a8a-7086f68e6871,newsfeed.exchange,available,12.99,38.99,low,low,9,namesilo,,,17/09/2026 05:41
791525f8-8935-4207-bb69-79fb2edd8c51,elizabeth.exchange,available,12.99,38.99,high,low,9,namesilo,,,25/09/2026 05:29